elapsed_seconds,output_level
0.0010839309834409505,0
0.0019790129736065865,1
0.0022293799847830087,0
0.0029551489860750735,1
0.0033686809765640646,0
0.0040895239799283445,1
0.004502425988903269,0
0.005212861986365169,1
0.005623949982691556,0
0.00633170097717084,1
0.006745602993760258,0
0.0074564089882187545,1
0.007871403999160975,0
0.008582654991187155,1
0.008990909002022818,0
0.00969617799273692,1
0.01010209898231551,0
0.010902515990892425,1
0.011272973992163315,0
0.012001169001450762,1
0.01240625698119402,0
0.015087075997143984,1
0.015522496978519484,0
0.016241117991739884,1
0.016650815989123657,0
0.017362677986966446,1
0.01777117297751829,0
0.01887552998960018,1
0.019292320997919887,0
0.02114948397502303,1
0.021573126985458657,0
0.022295210976153612,1
0.022707205993356183,0
0.023491195985116065,1
0.023911338998004794,0
0.02463886799523607,1
0.025062102999072522,0
0.025807130994508043,1
0.02623170000151731,0
0.02696543198544532,1
0.027395629993407056,0
0.02812375099165365,1
0.028535856981761754,0
0.029252551990794018,1
0.029664602974662557,0
0.030378519993973896,1
0.030790199991315603,0
0.0315087289782241,1
0.031922001973725855,0
0.03263871499802917,1
0.0330566729826387,0
0.033778793993406,1
0.0341956409974955,0
0.03492087297490798,1
0.03594687898294069,0
0.03667459197458811,1
0.03704806897439994,0
0.03776907897554338,1
0.03817957398132421,0
0.03889252798398957,1
0.03930989297805354,0
0.04017241997644305,1
0.04058597100083716,0
0.04129673997522332,1
0.041712752979947254,0
0.042425466992426664,1
0.042835090978769585,0
0.043547860987018794,1
0.04396387399174273,0
0.044682105974061415,1
0.04505693499231711,0
0.045775944978231564,1
0.04618895798921585,0
0.046899893990485,1
0.047314740979345515,0
0.04803602799074724,1
0.048448837973410264,0
0.049162273993715644,1
0.049571305979043245,0
0.05028270499315113,1
0.05069562597782351,0
0.05141054297564551,1
0.05182755697751418,0
0.05253732597338967,1
0.052950320998206735,0
0.053662089980207384,1
0.05408338099368848,0
0.054916926979785785,1
0.05533371798810549,0
0.05604422799660824,1
0.05645516698132269,0
0.05716406597639434,1
0.05757678300142288,0
0.05828773797838949,1
0.058699324988992885,0
0.05941231598262675,1
0.05982714498532005,0
0.06054084000061266,1
0.06095181597629562,0
0.06166184498579241,1
0.06207337699015625,0
0.06278229400049895,1
0.06319601097493432,0
0.06390855798963457,1
0.064319960976718,0
0.06502573000034317,1
0.06544970598770306,0
0.06621947497478686,1
0.06664054398424923,0
0.06734870199579746,1
0.06775982599356212,0
0.06847263299277984,1
0.06888173898914829,0
0.06959267499041744,1
0.07000555799459107,0
0.0707166789798066,1
0.07113128597848117,0
0.0718470919819083,1
0.07225914197624661,0
0.07299250399228185,1
0.07340029499027878,0
0.07411084198975004,1
0.07452246698085219,0
0.07523790199775249,1
0.0756527679914143,0
0.07634177798172459,1
0.07675579100032337,0
0.07747335699968971,1
0.07788420398719609,0
0.0785957139742095,1
0.07900309798424132,0
0.07974927398026921,1
0.08019874998717569,0
0.08093424097751267,1
0.08141027198871598,0
0.08213541097939014,1
0.08254890597891062,0
0.08326910098548979,1
0.08368105898262002,0
0.08439632799127139,1
0.08480741598759778,0
0.08552018497721292,1
0.08592967997537926,0
0.08663830099976622,1
0.08703072197386064,0
0.08774960300070234,1
0.08816159798880108,0
0.08887536698603071,1
0.08928856498096138,0
0.09000738998292945,1
0.09041727398289368,0
0.09113359899492934,1
0.0915882229746785,0
0.09230508399195969,1
0.09273398699588142,0
0.09344271899317391,1
0.09385471398127265,0
0.0945697609859053,1
0.0949817739892751,0
0.09569787699729204,1
0.09610918699763715,0
0.09682034497382119,1
0.09722984000109136,0
0.0979420349758584,1
0.09835282599669881,0
0.0990635029738769,1
0.09947258999454789,0
0.10018308198777959,1
0.10059565099072643,0
0.10130616099922918,1
0.10171304497634992,0
0.10242424000171013,1
0.10283375298604369,0
0.10355300398077816,1
0.10396425798535347,0
0.10467054598848335,1
0.10508194798603654,0
0.10579253197647631,1
0.10620591597398743,0
0.10691742599010468,1
0.10733177297515795,0
0.10803965298691764,1
0.10877286599134095,0
0.10950181999942288,1
0.10991235298570246,0
0.1106201029906515,1
0.1110099499928765,0
0.11175042297691107,1
0.11215928799356334,0
0.11287050199462101,1
0.11328327498631552,0
0.11486277397489175,1
0.11528597297728993,0
0.11607618498965167,1
0.1164978279848583,0
0.11720917199272662,1
0.11762274097418413,0
0.11892655797419138,1
0.11934620098327287,0
0.1200595439877361,1
0.12085312698036432,0
0.12157761899288744,1
0.12198833597358316,0
0.12269486399600282,1
0.12310980400070548,0
0.12381877697771415,1
0.12423117898288183,0
0.12493933699443005,1
0.12535085098352283,0
0.1260592679900583,1
0.12646654099808075,0
0.12718192097963765,1
0.12898158398456872,0
0.12968494597589597,1
0.1301041079859715,0
0.13083980299415998,1
0.1312630009779241,0
0.13200721397879533,1
0.1324270609766245,0
0.13315316298394464,1
0.13357415798236616,0
0.13430307499947958,1
0.13472721798461862,0
0.1354563389904797,1
0.13588868599617854,0
0.1378250699781347,1
0.13825628699851222,0
0.13899953698273748,1
0.139425884000957,0
0.1401527079869993,1
0.1406222399964463,0
0.14136032297392376,1
0.1417891139863059,0
0.14251097597298212,1
0.14293291498324834,0
0.14365086998441257,1
0.14406799399876036,0
0.14478229999076575,1
0.1451920359977521,0
0.14589958297437988,1
0.14630683697760105,0
0.14703347699833103,1
0.14744732397957705,0
0.14815775898750871,1
0.14856627298286185,0
0.14927622699178755,1
0.14968551899073645,0
0.15039345397963189,1
0.1508008009986952,0
0.15151879299082793,1
0.15192884299904108,0
0.15263626098749228,1
0.15305195900145918,0
0.15376569097861648,1
0.15417505698860623,0
0.15489573299419135,1
0.1553118759766221,0
0.15602688599028625,1
0.1564335849834606,0
0.1571435020014178,1
0.15755431199795566,0
0.15827667398843914,1
0.1586877609952353,0
0.15940217897878028,1
0.15981567397830077,0
0.16053710898268037,1
0.16095241898437962,0
0.16166463299305178,1
0.16207286799908616,0
0.16278721200069413,1
0.1631973729818128,0
0.16391271699103527,1
0.16432443397934549,0
0.16503246198408306,1
0.16543843899853528,0
0.16615150397410616,1
0.16660018399124965,0
0.1673261569812894,1
0.16773646598448977,0
0.16844579100143164,1
0.16885363799519837,0
0.16956036997726187,1
0.16998012398835272,0
0.17069193097995594,1
0.1711057779903058,0
0.17181323198019527,1
0.1722196159826126,0
0.17292444099439308,1
0.17334387998562306,0
0.17406225999002345,1
0.17446969999582507,0
0.1751929689780809,1
0.1756103340012487,0
0.17636902898084372,1
0.1768119309854228,0
0.17762523598503321,1
0.1780742859991733,0
0.17882531398208812,1
0.17923495697323233,0
0.17994641099357978,1
0.18035446197609417,0
0.18106830498436466,1
0.18147805897751823,0
0.18218866200186312,1
0.18259861998376437,0
0.18331161097739823,1
0.1837240689783357,0
0.18444074600120075,1
0.1848562029772438,0
0.1855686949857045,1
0.18598170799668878,0
0.18669195898110047,1
0.1871106949984096,0
0.18782235297840089,1
0.1882811059767846,0
0.18899146799230948,1
0.18944594397908077,0
0.1901632129738573,1
0.19058285598293878,0
0.19130353297805414,1
0.191713305976009,0
0.19253570298315026,1
0.19295573499402963,0
0.1936662819935009,1
0.1940834429988172,0
0.19506598697626032,1
0.19549331499729306,0
0.1962184360018,1
0.19663539397879504,0
0.1973579959885683,1
0.19822068998473696,0
0.20024218398611993,1
0.20053932798327878,0
0.2012767079868354,1
0.20170514698838815,0
0.20244476798688993,1
0.2028677259804681,0
0.20360082798288204,1
0.20402148997527547,0
0.20472948098904453,1
0.2051408459956292,0
0.20585039298748598,1
0.20625942599144764,0
0.2069709539937321,1
0.20738772698678076,0
0.20809740299591795,1
0.20850986099685542,0
0.2092222779756412,1
0.20963742199819535,0
0.21036000497406349,1
0.2107799259829335,0
0.2114656399935484,1
0.21257264498854056,0
0.21329602500190958,1
0.21372050198260695,0
0.2144036789832171,1
0.2148247289878782,0
0.21554507198743522,1
0.21596934497938491,0
0.21676277997903526,1
0.21718473799410276,0
0.21805217099608853,1
0.21848490697448142,0
0.2192148429749068,1
0.2196495599928312,0
0.220344754983671,1
0.2207679349812679,0
0.2215188699774444,1
0.22194958699401468,0
0.22269946697633713,1
0.22312494297511876,0
0.22387056399020366,1
0.22431361398776062,0
0.2250416419992689,1
0.22547782197943889,0
0.2262222019780893,1
0.2266448639857117,0
0.22738529898924753,1
0.2278123119904194,0
0.2285509329813067,1
0.22899144599796273,0
0.22974456698284484,1
0.230181580001954,0
0.23091194199514575,1
0.23134402898722328,0
0.23209148299065419,1
0.23253156998544,0
0.23377281398279592,1
0.23420245698071085,0
0.23495591100072488,1
0.23539075799635611,0
0.23611945199081674,1
0.23653663299046457,0
0.23725425399607047,1
0.23766254499787465,0
0.23837092498433776,1
0.23878482799045742,0
0.2394998369854875,1
0.23990929499268532,0
0.24064760099281557,1
0.24101646698545665,0
0.24174242099979892,1
0.24215787899447605,0
0.24287374099367298,1
0.24329193998710252,0
0.2440055789775215,1
0.24442268497659825,0
0.24513230597949587,1
0.24554294897825457,0
0.24625929299509153,1
0.24666854698443785,0
0.247682700981386,1
0.24810582600184716,0
0.2488336319802329,1
0.2492619599797763,0
0.25000393198570237,1
0.2504293159872759,0
0.25115036297938786,1
0.2515757469809614,0
0.252514716994483,1
0.2529248599894345,0
0.2536484439915512,1
0.2541217529796995,0
0.25482492899755016,1
0.25637626298703253,0
0.2571076059830375,1
0.2575546189909801,0
0.25831829497474246,1
0.258745214989176,0
0.25947966898093,1
0.25990279400139116,0
0.2608312459778972,1
0.26126351798302494,0
0.2620351569785271,1
0.26246841097599827,0
0.26321266099694185,1
0.26362145197344944,0
0.26439094298984855,1
0.2648607339942828,0
0.2655679839954246,1
0.26598503498826176,0
0.2667311559780501,1
0.2671516499831341,0
0.2678835859987885,1
0.2683130069926847,0
0.26904316499712877,1
0.26946956699248403,0
0.2728200819983613,1
0.2732472989882808,0
0.2762765769730322,1
0.2767447749793064,0
0.27748448797501624,1
0.27792438998585567,0
0.27863727099611424,1
0.2798938479973003,0
0.28098540898645297,1
0.28184939798666164,0
0.28384059597738087,1
0.28496717498637736,0
0.2854690949898213,1
0.28738773899385706,0
0.2887765369960107,1
0.28921360499225557,0
0.291079971997533,1
0.2928898760001175,0
0.29407761999755166,1
0.29463020598632284,0
0.29535903097712435,1
0.2957870069949422,0
0.29651377597474493,1
0.2969482149928808,0
0.299150002974784,1
0.2993499079893809,0
0.3000803999893833,1
0.3005078199785203,0
0.3012402369931806,1
0.3023469459731132,0
0.3030588449910283,1
0.30350309898494743,0
0.30504611699143425,1
0.30550116699305363,0
0.30639847097336315,1
0.3067007819772698,0
0.3074897539918311,1
0.3089039039914496,0
0.30964780200156383,1
0.310074592998717,0
0.3108046400011517,1
0.31122613497427665,0
0.31200149600044824,1
0.3124252499837894,0
0.3131619819905609,1
0.3135989019938279,0
0.3143203200015705,1
0.3147588509891648,0
0.31549758298206143,1
0.3159169110003859,0
0.31666597598814406,1
0.3170730269921478,0
0.31779688797541894,1
0.31821434598532505,0
0.3193744619784411,1
0.31989071497810073,0
0.32061563199386,1
0.32104323798557743,0
0.3233253769867588,1
0.3237360759812873,0
0.3244493449747097,1
0.32486374699510634,0
0.3257642179960385,1
0.3261479169887025,0
0.3267930570000317,1
0.3273099209764041,0
0.3280670419917442,1
0.32863523898413405,0
0.3293650260020513,1
0.32979342798353173,0
0.33055573399178684,1
0.3310715979896486,0
0.3318286809953861,1
0.3322294539830182,0
0.33297342699370347,1
0.3334464209910948,0
0.33417670798371546,1
0.33459562898497097,0
0.33523071400122717,1
0.33566443098243326,0
0.3363940709969029,1
0.3369865819986444,0
0.33768060998409055,1
0.3381037159997504,0
0.33906466799089685,1
0.3394852919736877,0
0.3402092839824036,1
0.3406305559910834,0
0.3413434729736764,1
0.3417683389852755,0
0.34249468200141564,1
0.34292478798306547,0
0.3436312419944443,1
0.3440569590020459,0
0.3447911719849799,1
0.3451749269734137,0
0.34587310400092974,1
0.3462642289814539,0
0.3469638309907168,1
0.34746547299437225,0
0.34819731599418446,1
0.34879767897655256,0
0.3495240779884625,1
0.34997173899319023,0
0.35065447198576294,1
0.3510497259849217,0
0.3517899949802086,1
0.35262441099621356,0
0.3533347169868648,1
0.3537663600000087,0
0.35499728898867033,1
0.3553937659889925,0
0.3560979239991866,1
0.35651699299342,0
0.35722287397948094,1
0.35775321899564005,0
0.3584935989929363,1
0.3589167419995647,0
0.36307365499669686,1
0.36349909397540614,0
0.3642557329731062,1
0.36468896799487993,0
0.3654150709917303,1
0.3659698969859164,0
0.36658005698700435,1
0.3670855689852033,0
0.36772631999338046,1
0.36814957499154843,0
0.3688734549796209,1
0.36930213498999365,0
0.3700071449857205,1
0.37041387998033315,0
0.37114461199962534,1
0.37156190400128253,0
0.3722403579740785,1
0.37505900897667743,0
0.37585127700003795,1
0.37623058797908016,0
0.3772738899860997,1
0.3777000139816664,0
0.3784228939912282,1
0.3788492969761137,0
0.37958656597766094,1
0.3800243749865331,0
0.38073519998579286,1
0.3811540649912786,0
0.3828408959961962,1
0.38326524299918674,0
0.3840085489791818,1
0.3845265609852504,0
0.3852906999818515,1
0.3858038419857621,0
0.38652064799680375,1
0.38693856899044476,0
0.38767646698397584,1
0.3880508699803613,0
0.3887321579968557,1
0.38915493097738363,0
0.38990275497781113,1
0.3903241579828318,0
0.3911001299857162,1
0.3915245319949463,0
0.39224670798284933,1
0.3926684439938981,0
0.39339619397651404,1
0.3944809039821848,0
0.3951990239729639,1
0.3956090009887703,0
0.39632123298360966,1
0.3967346540011931,0
0.39745029297773726,1
0.3978702509775758,0
0.39859029799117707,1
0.39911206997931004,0
0.4006113849754911,1
0.4010412310017273,0
0.4017693339847028,1
0.40225449498393573,0
0.402909523982089,1
0.4034036469820421,0
0.40410489798523486,1
0.4045138749934267,0
0.4052132549986709,1
0.40564036098658107,0
0.40636981499847025,1
0.4067907169810496,0
0.40750943098100834,1
0.4079265179752838,0
0.4087209719873499,1
0.4091918359918054,0
0.4100417149893474,1
0.4104900239908602,0
0.4113592919893563,1
0.41178071199101396,0
0.41249759297352284,1
0.4129054399963934,0
0.4136291899776552,1
0.41404051799327135,0
0.41475299099693075,1
0.4151631709828507,0
0.4158750329806935,1
0.4161851779790595,0
0.417000574991107,1
0.41742212598910555,0
0.41828724497463554,1
0.4187092770007439,0
0.4194310089806095,1
0.4200532599934377,0
0.42077241800143383,1
0.421202319994336,0
0.4219197189959232,1
0.42233799200039357,0
0.42307731599430554,1
0.42358536599203944,0
0.42430276397499256,1
0.4247170369781088,0
0.4254693429975305,1
0.42578902398236096,0
0.42660680998233147,1
0.4268835659895558,0
0.42759733597631566,1
0.4280106079822872,0
0.42869515597703867,1
0.429097890999401,0
0.42983373400056735,1
0.43039396798121743,0
0.4311351999931503,1
0.43155434299842454,0
0.43226666798000224,1
0.4326984029903542,0
0.43393811097485013,1
0.43433301299228333,0
0.4350461159774568,1
0.43545394399552606,0
0.43621604598592967,1
0.4365818559890613,0
0.4372912179969717,1
0.43769897197489627,0
0.4384060379816219,1
0.438818791997619,0
0.4395369129779283,1
0.43995198199991137,0
0.4406651030003559,1
0.44109546797699295,0
0.4418541629856918,1
0.44230421297834255,0
0.4431114439794328,1
0.44353204997605644,0
0.44427470699884,1
0.44474721999722533,0
0.4457077269908041,1
0.4461588879930787,0
0.44720119098201394,1
0.447496204986237,0
0.448290880973218,1
0.4486893949797377,0
0.4494353490008507,1
0.450783998996485,0
0.4515243229980115,1
0.45200137299252674,0
0.4528003259911202,1
0.4532830429961905,0
0.45403919997625053,1
0.4550974279991351,0
0.4596432249818463,1
0.4601521820004564,0
0.46103802300058305,1
0.4666712319885846,0
0.46747261099517345,1
0.467949753976427,0
0.46950099398964085,1
0.46994011898641475,0
0.47064105499885045,1
0.47104927198961377,0
0.47179450397379696,1
0.4721823139989283,0
0.4729166379838716,1
0.4733457439870108,0
0.4740592349844519,1
0.47454019298311323,0
0.47574880698812194,1
0.4761813759978395,0
0.47698151497752406,1
0.4773906759801321,0
0.47816898199380375,1
0.47871973397559486,0
0.4793845779786352,1
0.4798209619766567,0
0.48064458099543117,1
0.48112231597770005,0
0.48202206499991007,1
0.4824557999963872,0
0.4831569949747063,1
0.4835972119763028,0
0.4843057959806174,1
0.4847314389771782,0
0.485447615996236,1
0.4858365559775848,0
0.48657523197471164,1
0.4870610589860007,0
0.4878122169757262,1
0.4882569889887236,0
0.4890884239866864,1
0.48954441800015047,0
0.4902796499955002,1
0.4907036449876614,0
0.49144295099540614,1
0.49187911199987866,0
0.4926067139895167,1
0.4936302199785132,0
0.49435326698585413,1
0.4965681289904751,0
0.49703269798192196,1
0.49794500099960715,0
0.4997078869782854,1
0.5000840499997139,0
0.5008136329997797,1
0.5012714429758489,0
0.5020534149953164,1
0.5024870019988157,0
0.5032221779983956,1
0.5036430429900065,0
0.5060514590004459,1
0.5063365849782713,0
0.5070099289878272,1
0.5074898119783029,0
0.5082475989765953,1
0.5089447009959258,0
0.5105227189778816,1
0.5109477139776573,0
0.5116842610004824,1
0.5121218849963043,0
0.5129010049859062,1
0.5132800009741914,0
0.5197160149982665,1
0.5214025689929258,0
0.5221513559808955,1
0.5225824989902321,0
0.5233043049811386,1
0.5237202079733834,0
0.5244521429995075,1
0.5254582419875078,0
0.5256067029840779,1
0.5260317169886548,0
0.5267600779770873,1
0.5271699989971239,0
0.5279069899988826,1
0.5283844840014353,0
0.5291096419969108,1
0.5295359149749856,0
0.5302274249843322,1
0.5306657159817405,0
0.5314089849998709,1
0.5318358869990334,0
0.5325754889927339,1
0.5341643399733584,0
0.5400778429757338,1
0.5405677259841468,0
0.5417669699818362,1
0.5423575739841908,0
0.5435488009825349,1
0.5437426689895801,0
0.5444714189798106,1
0.5449077659868635,0
0.5456207569804974,1
0.546051658981014,0
0.5467857799958438,1
0.54732705099741,0
0.5494353769754525,1
0.5498553910001647,0
0.5505778259830549,1
0.5509565440006554,0
0.5516792949929368,1
0.5521009559743106,0
0.5528212619828992,1
0.5532396829803474,0
0.5539548409869894,1
0.5543666319863405,0
0.5550881050003227,1
0.5555259329848923,0
0.5562458319764119,1
0.556719140993664,0
0.5574386319785845,1
0.5578591639932711,0
0.5585877109842841,1
0.5590873899927828,0
0.5598485659866128,1
0.5603070599900093,0
0.5610393849783577,1
0.5614581019908655,0
0.5631042859749869,1
0.5635152619797736,0
0.5642244199989364,1
0.5646325080015231,0
0.565346850984497,1
0.5657950309978332,0
0.5665107069944497,1
0.5669514799956232,0
0.5676822489767801,1
0.5681007069943007,0
0.5688215309928637,1
0.569238673982909,0
0.5699582399975043,1
0.5703728829976171,0
0.5710833369812462,1
0.5714944989886135,0
0.5722037309897132,1
0.5726124669890851,0
0.5733198099769652,1
0.5737334349832963,0
0.5744471849757247,1
0.5748319029808044,0
0.5755491349846125,1
0.5760030369856395,0
0.5767237689869944,1
0.5771964479936287,0
0.5779198649979662,1
0.5783315640001092,0
0.5790560549939983,1
0.5794652909971774,0
0.5801725419878494,1
0.5805790369922761,0
0.5812831769871991,1
0.5816890419810079,0
0.5824022000015248,1
0.5828098989732098,0
0.5835186869953759,1
0.5839234779996332,0
0.58463302499149,1
0.5850424829986878,0
0.5857484369771555,1
0.5861634319880977,0
0.5868870159902144,1
0.587408046994824,0
0.5881318709871266,1
0.5885523849865422,0
0.589293134980835,1
0.5897119449800812,0
0.5904313989740331,1
0.5908088199794292,0
0.5915202379983384,1
0.5919327509764116,0
0.5926478350011166,1
0.5930568299954757,0
0.5937622109777294,1
0.5941666500002611,0
0.5948730669915676,1
0.5952819139929488,0
0.5959885719930753,1
0.5963928079872858,0
0.5971069109800737,1
0.5975215539801866,0
0.5982268969819415,1
0.5987062619824428,0
0.599396400997648,1
0.5997918229841162,0
0.600508646981325,1
0.6009183269925416,0
0.6016316149907652,1
0.6020394069782924,0
0.6027486759994645,1
0.6031585409946274,0
0.603875105996849,1
0.6042843239847571,0
0.6049945929844398,1
0.6054128659889102,0
0.6062090779887512,1
0.6066270729934331,0
0.6073460269835778,1
0.6077372999861836,0
0.608450791973155,1
0.6088692309858743,0
0.6095562599948607,1
0.6099358659994323,0
0.6106500799942296,1
0.6110581679968163,0
0.6117702139890753,1
0.6121888019843027,0
0.6128785899782088,1
0.6135642849840224,0
0.6142376289935783,1
0.6146278649976011,0
0.615327041974524,1
0.6157473329803906,0
0.6164696199994069,1
0.6168901889759582,0
0.6176100879965816,1
0.6180331939831376,0
0.6187626479950268,1
0.6191778279899154,0
0.61991217097966,1
0.6203242959745694,0
0.6210393239744008,1
0.6214482079958543,0
0.6222229579871055,1
0.6229647639847826,0
0.6236759779858403,1
0.6240841949766036,0
0.6247938529995736,1
0.6251998849911615,0
0.6259088020015042,1
0.626317519985605,0
0.627069454989396,1
0.6274760800006334,0
0.6281964599911589,1
0.6291543929837644,0
0.6298682909982745,1
0.6302812679787166,0
0.6309905559755862,1
0.6314001619757619,0
0.6321074680017773,1
0.6325152779754717,0
0.6332237879978493,1
0.6336317829845939,0
0.6343384779756889,1
0.6347359549836256,0
0.6359331809799187,1
0.6363473979872651,0
0.6370550559950061,1
0.6374631069775205,0
0.6381685239903163,1
0.6385736859811004,0
0.6392814369755797,1
0.6396875609934796,0
0.6403908859938383,1
0.6407980289950501,0
0.6415018729749136,1
0.6419068120012525,0
0.6426120259857271,1
0.6430285019741859,0
0.6437316419905983,1
0.6441560259845573,0
0.644867720984621,1
0.6452527899818961,0
0.645971780992113,1
0.6463587030011695,0
0.647057304973714,1
0.6474820589937735,0
0.648169958993094,1
0.6493021299829707,0
0.6500000289815944,1
0.6504354130011052,0
0.6511555889737792,1
0.6515786759846378,0
0.6523006859933957,1
0.6527174770017155,0
0.6534417649963871,1
0.6538643709791359,0
0.6550796899828129,1
0.6555034990014974,0
0.6562251199793536,1
0.656642836984247,0
0.6573640139831696,1
0.6580272279970814,0
0.6587513119739015,1
0.6591788249788806,0
0.659915000986075,1
0.660344403993804,0
0.6610770979896188,1
0.661494240979664,0
0.6622136029764079,1
0.6627442999742925,0
0.6634686809848063,1
0.6638971569773275,0
0.6646242409769911,1
0.6650526799785439,0
0.665778689988656,1
0.6661931290000211,0
0.6669119909929577,1
0.6673255599744152,0
0.6680408289830666,1
0.6684522309806198,0
0.6691813889774494,1
0.6695793659891933,0
0.6702888389991131,1
0.6707009629753884,0
0.6714149179751985,1
0.6718235049920622,0
0.6725296819931827,1
0.6729359359887894,0
0.6736408159777056,1
0.6740475709957536,0
0.6747624879935756,1
0.6752853519865312,0
0.6759649549785536,1
0.6763925049745012,0
0.6776669899991248,1
0.6780876329867169,0
0.6788090499758255,1
0.6792100819875486,0
0.6799312770017423,1
0.6803412169974763,0
0.6810467639879789,1
0.6814548699767329,0
0.6821633609943092,1
0.6825646159995813,0
0.6832702919782605,1
0.6836786389758345,0
0.6843980749836192,1
0.684973141993396,0
0.6856937819975428,1
0.6861203869921155,0
0.6868426559958607,1
0.6873578910017386,0
0.688068122981349,1
0.6884806739981286,0
0.6891888129757717,1
0.689594881987432,0
0.6903055959846824,1
0.6907133869826794,0
0.6914264340011869,1
0.6918372439977247,0
0.6925467909895815,1
0.6929449710005429,0
0.6943888239911757,1
0.6946157839847729,0
0.6953179239935707,1
0.6957247899845243,0
0.6964295219804626,1
0.6968363129999489,0
0.6975569709902629,1
0.6979472439852543,0
0.698680882982444,1
0.6994474479870405,0
0.700182420987403,1
0.7005852119764313,0
0.7012982779997401,1
0.7016832359950058,0
0.7023987639986444,1
0.7029476649768185,0
0.7036714899877552,1
0.7040946509805508,0
0.7048086049908306,1
0.7052335259795655,0
0.7059464429912623,1
0.7063589009921998,0
0.7070618559955619,1
0.7074686099949758,0
0.7081770089862403,1
0.7085922260012012,0
0.7092646629898809,1
0.7096824719919823,0
0.711071825993713,1
0.711493894981686,0
0.7122118859842885,1
0.7126239179924596,0
0.713328483980149,1
0.7137351639976259,0
0.7144418409734499,1
0.7148499839822762,0
0.7155642899742816,1
0.7159746549732517,0
0.7170472529833205,1
0.7174625079787802,0
0.7181817399978172,1
0.7185906789964065,0
0.7192962449917104,1
0.7197034249838907,0
0.7204085830016993,1
0.7208163189934567,0
0.7215207919944078,1
0.7219262309954502,0
0.7229175709944684,1
0.723340009979438,0
0.7240677239897195,1
0.7244896079937462,0
0.7252199879731052,1
0.7255936129949987,0
0.726332084974274,1
0.7267454139946494,0
0.7274527749978006,1
0.7278602329897694,0
0.7285675210005138,1
0.7289730529882945,0
0.7296810819825623,1
0.7300870399922132,0
0.73079634597525,1
0.7312027299776673,0
0.732586342986906,1
0.7329997449996881,0
0.7337068479973823,1
0.7341124909871724,0
0.7348214269732125,1
0.7352347369887866,0
0.7359450059884693,1
0.7363535379990935,0
0.7370694919954985,1
0.7374849319749046,0
0.7381894419959281,1
0.738598343974445,0
0.7393167609989177,1
0.7397845699742902,0
0.7405068019870669,1
0.7409326119814068,0
0.74162584397709,1
0.7420475059770979,0
0.7427702379936818,1
0.7431857329793274,0
0.7439052059780806,1
0.7443182930001058,0
0.7450485249864869,1
0.7454619279887993,0
0.7463649349811021,1
0.7467850409739185,0
0.7475048659835011,1
0.7479227129952051,0
0.7486433890007902,1
0.7490641249751206,0
0.7497794119990431,1
0.7501967409916688,0
0.7509136389999185,1
0.7513240049884189,0
0.7520293849811424,1
0.7524367499863729,0
0.7531491859990638,1
0.7535671809746418,0
0.7543044310004916,1
0.7547228889889084,0
0.7558385609881952,1
0.7562484629743267,0
0.7569649549841415,1
0.7573808569868561,0
0.7580901449837256,1
0.7584987879963592,0
0.7592095939908177,1
0.7596208859758917,0
0.7603342839865945,1
0.7607437419937924,0
0.7614652709744405,1
0.761852857976919,0
0.7629772149957716,1
0.763389820989687,0
0.7641038679867052,1
0.7645064739917871,0
0.7652099289989565,1
0.7656179420009721,0
0.7663216009968892,1
0.7667320219916292,0
0.7674397169903386,1
0.7681311159976758,0
0.7688502550008707,1
0.7692649909877218,0
0.7699570749828126,1
0.7703447739768308,0
0.7710857649799436,1
0.7714678159973118,0
0.7721834369876888,1
0.7725928019790445,0
0.7733100529876538,1
0.7737236959801521,0
0.774432538979454,1
0.7748451639781706,0
0.7755570629960857,1
0.7759647060011048,0
0.7766728089773096,1
0.7770817479758989,0
0.7777908509888221,1
0.7781979749852326,0
0.7789093179744668,1
0.7793187019997276,0
0.7800297859939747,1
0.7804393919941504,0
0.7813697699748445,1
0.7817806539824232,0
0.7824921269784681,1
0.782898232981097,0
0.7836122609733138,1
0.7840195529861376,0
0.784736488974886,1
0.7851629089855123,0
0.7858746229903772,1
0.7862966549873818,0
0.7870567200006917,1
0.7874312519852538,0
0.7884552949981298,1
0.7888807900017127,0
0.7895951329846866,1
0.7900037029758096,0
0.7907127309881616,1
0.7911219300003722,0
0.7918260139995255,1
0.7922333979804534,0
0.7929397599946242,1
0.7933468289847951,0
0.7940540979907382,1
0.7947207929973956,0
0.795445136987837,1
0.7958549089962617,0
0.7965672159916721,1
0.7969591739820316,0
0.797652905981522,1
0.7980677709856536,0
0.7987821889983024,1
0.7991846279765014,0
0.7998985089943744,1
0.8003072809951846,0
0.8012052699923515,1
0.8016158399987034,0
0.8023292379803024,1
0.8027385669993237,0
0.803445131983608,1
0.8038513869978487,0
0.8045552109833807,1
0.8049620399833657,0
0.8056678649736568,1
0.8060723779781256,0
0.8067814619862475,1
0.8071910869912244,0
0.8079092819825746,1
0.8083156099892221,0
0.8090873420005664,1
0.8094725779956207,0
0.8101825689955149,1
0.8105892309977207,0
0.8112962219747715,1
0.8116998100013006,0
0.812404615979176,1
0.8128127589880023,0
0.8135159179801121,1
0.813920763990609,0
0.8146256819891278,1
0.8150284919829573,0
0.8157323909981642,1
0.8161392559995875,0
0.8168460439774208,1
0.8172569279849995,0
0.8179611039813608,1
0.8235920179868117,0
0.8238392549974378,1
0.8242452499980573,0
0.8249523159756791,1
0.8253575330018066,0
0.8260631169832777,1
0.8264676489925478,0
0.8271791219885927,1
0.8275871730002109,0
0.8282916639873292,1
0.82869743698393,0
0.8294031510013156,1
0.8298085719870869,0
0.8305141929886304,1
0.8309181329968851,0
0.8316256050020456,1
0.8320303599757608,0
0.8327344989811536,1
0.8331412349944003,0
0.8338452449825127,1
0.8342532029782888,0
0.8349562689836603,1
0.8353629490011372,0
0.8360774399770889,1
0.8364679169899318,0
0.8371704829914961,1
0.837578977982048,0
0.8382831909984816,1
0.8386895939765964,0
0.8393969929893501,1
0.8398042469925713,0
0.8405074789770879,1
0.8408838819887023,0
0.8415936699893791,1
0.8420043319929391,0
0.8427098789834417,1
0.8431189659750089,0
0.8438253089843784,1
0.8442310449900106,0
0.8449357959907502,1
0.8453448840009514,0
0.8460463199880905,1
0.8464588520000689,0
0.8471666949917562,1
0.8475725419993978,0
0.848276069998974,1
0.848684009979479,0
0.849386556976242,1
0.8497929959848989,0
0.8504984509781934,1
0.850904056977015,0
0.8516092519857921,1
0.8520333399937954,0
0.8527186089777388,1
0.8531256970018148,0
0.853837520990055,1
0.8542442389880307,0
0.8549493229947984,1
0.8553575219993945,0
0.8560626799880993,1
0.8564703969750553,0
0.8571789069974329,1
0.8575846239982639,0
0.8582918189931661,1
0.8586983509885613,0
0.8594043429766316,1
0.8598116899956949,0
0.860515921987826,1
0.8609219729842152,0
0.8616266119934153,1
0.8620304219948594,0
0.8627369139867369,1
0.8631427229847759,0
0.8638475670013577,1
0.8642505429743323,0
0.864955293975072,1
0.8653612519847229,0
0.8660668359952979,1
0.8664717759820633,0
0.8671830259845592,1
0.8675899099907838,0
0.8682929200003855,1
0.8686998409975786,0
0.8694032589846756,1
0.8698147719842382,0
0.8705284299794585,1
0.8709440359962173,0
0.8716571569966618,1
0.8720638929808047,0
0.8727719219750725,1
0.8731753609899897,0
0.873882389976643,1
0.8742884219973348,0
0.8749927649914753,1
0.8753999079926871,0
0.8761054549831897,1
0.8765122469922062,0
0.8772209969756659,1
0.8776275659911335,0
0.8783334649924655,1
0.8787398489948828,0
0.8794433589791879,1
0.8798497800016776,0
0.8805540119938087,1
0.8809606559807435,0
0.8816669619991444,1
0.8820705869875383,0
0.8827749109768774,1
0.8831883319944609,0
0.8838975830003619,1
0.8842804669984616,0
0.8849983849795535,1
0.8854345639992971,0
0.8861388709919993,1
0.8865457549982239,0
0.887255486974027,1
0.8876638709916733,0
0.8883684359898325,1
0.8887740789796226,0
0.8894784779986367,1
0.8898856029845774,0
0.8905942609999329,1
0.891000144998543,0
0.8917118029785343,1
0.892120853997767,0
0.8928282900014892,1
0.8932382659986615,0
0.8939471459889319,1
0.8943541039770935,0
0.8950099479989149,1
0.8954336649912875,0
0.8961391939956229,1
0.8965474849974271,0
0.8972557359957136,1
0.8976613049744628,0
0.898365556000499,1
0.8987713289970998,0
0.8994809679861646,1
0.8998787969758268,0
0.9005968249985017,1
0.9010063390014693,0
0.9017132929875515,1
0.9021191959909629,0
0.9028237979800906,1
0.9032319229736459,0
0.9039359879971016,1
0.904343482980039,0
0.9050456419936381,1
0.9054871359840035,0
0.90619379398413,1
0.9066138079797383,0
0.9073227619810496,1
0.9077269789995626,0
0.9084335259976797,1
0.9088377619918901,0
0.9095427909924183,1
0.9099498779978603,0
0.910656776977703,1
0.9110253099934198,0
0.9117286159889773,1
0.9121341299905907,0
0.9128398429893423,1
0.913245615985943,0
0.913949440990109,1
0.9143552139867097,0
0.9150285949872341,1
0.9154339419910684,0
0.9161444139899686,1
0.9165516319917515,0
0.9172594379924703,1
0.9176659889926668,0
0.9183707759948447,1
0.918776900973171,0
0.9194837809773162,1
0.9198892389831599,0
0.9205939160019625,1
0.9209987069771159,0
0.9217045510013122,1
0.9221088049816899,0
0.9228132599964738,1
0.923222902987618,0
0.9239261899783742,1
0.9243322039837949,0
0.9250368439825252,1
0.9254418939817697,0
0.9261505889880937,1
0.9265576589968987,0
0.9272666869801469,1
0.9276752749865409,0
0.9283783589780796,1
0.9287864279758651,0
0.9294894379854668,1
0.9298960629967041,0
0.9305990169814322,1
0.9310046789760236,0
0.9317124849767424,1
0.9321176469966304,0
0.9328240639879368,1
0.9332294299965724,0
0.9341860659769736,1
0.9346214129764121,0
0.9353374969796278,1
0.9357531579735223,0
0.9364629639894702,1
0.9368736259930301,0
0.9375841919973027,1
0.9379894459852949,0
0.9386935119982809,1
0.9391010989784263,0
0.9398052569886204,1
0.9402117889840156,0
0.940916039980948,1
0.9413206829922274,0
0.9420258969767019,1
0.9424321329861414,0
0.9431391799880657,1
0.9435454709746409,0
0.9442504439793993,1
0.9446568279818166,0
0.9453591899946332,1
0.945766406977782,0
0.9464746579760686,1
0.9468831899866927,0
0.9475917559757363,1
0.9479976769944187,0
0.9487032979959622,1
0.9491069219948258,0
0.949812746985117,1
0.9502188350015786,0
0.9509220489999279,1
0.9513361729914322,0
0.9520464609959163,1
0.9524544739979319,0
0.953159650991438,1
0.9535659979737829,0
0.9542727489897516,1
0.9546771879831795,0
0.9553866239730269,1
0.9557937489880715,0
0.9565001479932107,1
0.956908049993217,0
0.9576126899919473,1
0.9580216289905366,0
0.9587304909946397,1
0.9591365969972685,0
0.9598668849794194,1
0.96027560197399,0
0.9609829080000054,1
0.9613876069779508,0
0.9620933209953364,1
0.9625002039829269,0
0.9632079000002705,1
0.963613246975001,0
0.9643163119908422,1
0.9647214919968974,0
0.9654276319779456,1
0.9658359599998221,0
0.9665942659776192,1
0.9669575579755474,0
0.967705548973754,1
0.9680828219861723,0
0.968759813986253,1
0.9691793639794923,0
0.9698851149878465,1
0.9702930169878528,0
0.9709967869857792,1
0.9714048559835646,0
0.972108476998983,1
0.9725151019811165,0
0.9732214999967255,1
0.9736290139844641,0
0.9743396169797052,1
0.9747196859971154,0
0.9754266769741662,1
0.9758336909872014,0
0.9765408120001666,1
0.9769511769991368,0
0.9776564469793811,1
0.9780612569884397,0
0.9787678589927964,1
0.9791742429952137,0
0.9798819749848917,1
0.9802854519803077,0
0.9809935359808151,1
0.9813995680015069,0
0.9821052819897886,1
0.9825097769789863,0
0.9832234159985092,1
0.983629355992889,0
0.9843343839747831,1
0.98474130500108,0
0.9854451299761422,1
0.9858504769799765,0
0.9865564309875481,1
0.9869676299858838,0
0.9876742699998431,1
0.9880813199852128,0
0.9887848859943915,1
0.9891897509805858,0
0.9899383349984419,1
0.9903440519992728,0
0.9910791539878119,1
0.9914919459843077,0
0.9921985299733933,1
0.9926059139834251,0
0.993310923979152,1
0.9937181589775719,0
0.9944217249867506,1
0.9948287759907544,0
0.9955356739810668,1
0.995941632980248,0
0.996649697975954,1
0.9971077849913854,0
0.9978157579898834,1
0.9982288829924073,0
0.9989360039762687,1
0.9993432389746886,0
1.0000488609948661,1
1.0004537999921013,0
1.0011580689752009,1
1.001563397992868,0
1.0022699999972247,1
1.0026730509998742,0
1.0033808939915616,1
1.0037887779762968,0
1.0044905839895364,1
1.004896412981907,0
1.0056062559888232,1
1.0060124179872219,0
1.0067201129859313,1
1.0071281819837168,0
1.007834006974008,1
1.0082400949904695,0
1.008943419001298,1
1.0093536369968206,0
1.0100352949812077,1
1.0104462719755247,0
1.0111608919978607,1
1.011567646986805,0
1.0122746199776884,1
1.0126809669891372,0
1.013384383986704,1
1.0137921939895023,0
1.0144955739961006,1
1.0149003839760553,0
1.01561080198735,1
1.0160164079861715,0
1.0167249919904862,1
1.0171313569881022,0
1.0178379779972602,1
1.0182421959761996,0
1.0189468349853996,1
1.0193564409855753,0
1.020063748001121,1
1.0204491869953927,0
1.021156548988074,1
1.0215623959957156,0
1.022268387983786,1
1.0226737899938598,0
1.0233811149955727,1
1.0237884059897624,0
1.0244923789869063,1
1.0248969300009776,0
1.0256238649890292,1
1.0260330269811675,0
1.0267415559792425,1
1.0271501429961063,0
1.0278528569906484,1
1.028260851977393,0
1.0289639919938054,1
1.029370708973147,0
1.0300748299923725,1
1.0304797319986392,0
1.0311875019979198,1
1.0315912749792915,0
1.032296821998898,1
1.0327055019733962,0
1.0334220489894506,1
1.0338347659853753,0
1.0346922549942974,1
1.0351101759879384,0
1.0358521489833947,1
1.0362720330012962,0
1.036988930980442,1
1.0374118519830517,0
1.038130214001285,1
1.03854239397333,0
1.0392509039957076,1
1.0396590099844616,0
1.0404923149908427,1
1.0409756419830956,0
1.0416942079900764,1
1.0421088139992207,0
1.042811230989173,1
1.0432289479940664,0
1.043951476982329,1
1.044362952990923,0
1.0450825549778529,1
1.0454921619966626,0
1.0462022829742637,1
1.0466101669881027,0
1.0473191579803824,1
1.0477247089729644,0
1.048429384973133,1
1.048835269000847,0
1.0495394269819371,1
1.04994664498372,0
1.0506502099742647,1
1.0510095759818796,0
1.05172506798408,1
1.052130413998384,0
1.0528401839837898,1
1.0532417899812572,0
1.0539454300014768,1
1.0543518319900613,0
1.055059785983758,1
1.055467095982749,0
1.0561971059942152,1
1.0566022119892295,0
1.0573105179937556,1
1.057719049975276,0
1.0584243569755927,1
1.058829869987676,0
1.0595360279839952,1
1.0599412089795806,0
1.0606464589945972,1
1.0610507509845775,0
1.06175518699456,1
1.0621614969859365,0
1.0628685619740281,1
1.0632752609963063,0
1.0639794749731664,1
1.064385654986836,0
1.0650785350007936,1
1.0654687339847442,0
1.066185706993565,1
1.0666004059894476,0
1.0673491559864487,1
1.0677595029992517,0
1.0684685309825,1
1.0688741929770913,0
1.0695786099822726,1
1.0699843089969363,0
1.0706909299769904,1
1.0710968509956729,0
1.0718017129984219,1
1.0722059859836008,0
1.0729113289853558,1
1.073316269001225,0
1.0740225749905221,1
1.0744282179803122,0
1.0751340059796348,1
1.075538704986684,0
1.0762505669845268,1
1.0767268569907174,0
1.0774316259776242,1
1.0778391209896654,0
1.0785445569781587,1
1.0789509039896075,0
1.0796580069873016,1
1.0800658169900998,0
1.0807719559816178,1
1.081175284984056,0
1.081881127989618,1
1.0822878449980635,0
1.082991706993198,1
1.083397349982988,0
1.0841026749985758,1
1.0845094849937595,0
1.085213735990692,1
1.0856188789766748,0
1.0863288519904017,1
1.086737142992206,0
1.0874461899802554,1
1.0878566299797967,0
1.088558565999847,1
1.0889644119888544,0
1.0896708109939937,1
1.0900763619865756,0
1.0907795019738842,1
1.0911875889869407,0
1.0918931549822446,1
1.0922986679943278,0
1.0930049009912182,1
1.0934083399770316,0
1.0941150909930002,1
1.0945201040012762,0
1.0952265029773116,1
1.0956315169751178,0
1.0963409709802363,1
1.0967475769866724,0
1.0974545689823572,1
1.0978610449819826,0
1.098568888992304,1
1.0989773100009188,0
1.0996859679871704,1
1.100092610984575,0
1.1007970279897563,1
1.1012022089853417,0
1.101908051990904,1
1.102314639982069,0
1.1030277049867436,1
1.1034334040014073,0
1.1041356729983818,1
1.1045418529829476,0
1.105248437001137,1
1.1056521179853007,0
1.1063611089775804,1
1.1067693079821765,0
1.1074746699887328,1
1.1078810170001816,0
1.1085848229995463,1
1.1089914109907113,0
1.1096961429866496,1
1.1101019899942912,0
1.110862276982516,1
1.111272697977256,0
1.1119799669831991,1
1.1123837949999142,0
1.1130941939773038,1
1.1135057819774374,0
1.1142150139785372,1
1.1146253240003716,0
1.1153874259907752,1
1.1158015689870808,0
1.116529726976296,1
1.116952369979117,0
1.1176634169823956,1
1.118076596991159,0
1.1187880329962354,1
1.1192003049945924,0
1.1199089449946769,1
1.1203247550001834,0
1.1210336349904537,1
1.1214430559775792,0
1.1221520659746602,1
1.122559467999963,0
1.123273718985729,1
1.1236871399742085,0
1.1243942979781423,1
1.1248062559752725,0
1.1255655989807565,1
1.1259784819849301,0
1.12672321399441,1
1.1271386909938883,0
1.1278477379819378,1
1.1282574359793216,0
1.1289673169958405,1
1.1293774409859907,0
1.1300885989912786,1
1.1304951679776423,0
1.1312214929785114,1
1.1316181180009153,0
1.1323279979988001,1
1.1327395669941325,0
1.1334489290020429,1
1.133862478978699,0
1.1345714709896129,1
1.1349808919767383,0
1.1356914569914807,1
1.136110748979263,0
1.1368727579829283,1
1.13728332699975,0
1.1379950029950123,1
1.1384073319786694,0
1.1391189899877645,1
1.1395266149775125,0
1.1402357909828424,1
1.1406548229861073,0
1.1413298519910313,1
1.1417434019967914,0
1.1424525789916515,1
1.142860647989437,0
1.1436233979766257,1
1.1440370779891964,0
1.1447494589956477,1
1.1451627310016192,0
1.1459219999960624,1
1.1463346800010186,0
1.1470620420004707,1
1.1474743699945975,0
1.1481836210004985,1
1.148597911989782,0
1.149304125981871,1
1.1497193609829992,0
1.150426926993532,1
1.1508381999738049,0
1.1515479129739106,1
1.151969703991199,0
1.1526812139782123,1
1.153145541989943,0
1.1538679779914673,1
1.1542805649805814,0
1.154989296977874,1
1.1554025519872084,0
1.156113357981667,1
1.1565237049944699,0
1.1572753249784,1
1.1576899309875444,0
1.1584001820010599,1
1.158820806973381,0
1.1595023720001336,1
1.1599254779866897,0
1.1606398029834963,1
1.1610508169978857,0
1.1617626779770944,1
1.162193154974375,0
1.1629162009921856,1
1.1632998079876415,0
1.164014687994495,1
1.1644240349996835,0
1.1651329519809224,1
1.1655471139820293,0
1.1662557349773124,1
1.1666707109834533,0
1.167384702974232,1
1.16779593899264,0
1.1685057999857236,1
1.168917535978835,0
1.1696259349992033,1
1.1700345599965658,0
1.1707482549827546,1
1.1711623979790602,0
1.1718717779731378,1
1.1722804029996041,0
1.1729866349778604,1
1.173407814989332,0
1.174118825001642,1
1.1745608569763135,0
1.1752728289866354,1
1.1756833609833848,0
1.1763920939993113,1
1.1768124399823137,0
1.1775234319793526,1
1.177934204984922,0
1.1786462329910137,1
1.1790280799905304,0
1.1797367199906148,1
1.180148769984953,0
1.1808565949904732,1
1.1812668679922353,0
1.181977525993716,1
1.1823874649999198,0
1.1830979749793187,1
1.1835109149978962,0
1.1842181279789656,1
1.1846281979815103,0
1.1853409109753557,1
1.1857466469809879,0
1.1864872309961356,1
1.1869087439845316,0
1.1876244579907507,1
1.1880367669800762,0
1.1887474249815568,1
1.1891566239937674,0
1.189866800996242,1
1.1902794989873655,0
1.190989269001875,1
1.1914037819951773,0
1.1921131809940562,1
1.192525267979363,0
1.1932300929911435,1
1.1936401809798554,0
1.1943497089960147,1
1.1947636859840713,0
1.1954742329835426,1
1.1958868939836975,0
1.1965838859905489,1
1.1969969919882715,0
1.1977977049828041,1
1.1982236249896232,0
1.198899912997149,1
1.199292945995694,0
1.2000100669974927,1
1.2004232839972246,0
1.2011343310005032,1
1.2015446409932338,0
1.202254075993551,1
1.202661700983299,0
1.203376543999184,1
1.2037866689788643,0
1.204500216001179,1
1.2049090809887275,0
1.2056199989747256,1
1.2060304379847366,0
1.2067397809878457,1
1.2071542389749084,0
1.207868952973513,1
1.2082799109921325,0
1.2089856249804143,1
1.2093959339836147,0
1.2101046669995412,1
1.2105153469892684,0
1.2112308199866675,1
1.2116411289898679,0
1.2123578609898686,1
1.2127625419816468,0
1.2134712739789393,1
1.2138778989901766,0
1.2145829270011745,1
1.2149908109859098,0
1.215697450999869,1
1.2161015569872689,0
1.216810658981558,1
1.2172176909807604,0
1.2179245719744358,1
1.2183305849903263,0
1.2190097069833428,1
1.2194267569866497,0
1.2201318969891872,1
1.2205361879896373,0
1.2212413279921748,1
1.2216468409751542,0
1.222351443982916,1
1.2227580129983835,0
1.22346289397683,1
1.2238677959830966,0
1.224574212974403,1
1.2249784859886859,0
1.2256829959806055,1
1.2260908989992458,0
1.2267980569740757,1
1.227204440976493,0
1.227919746976113,1
1.2283306119788904,0
1.229035769996699,1
1.229445951001253,0
1.2301493499835487,1
1.2305551589815877,0
1.2312636689748615,1
1.2316700719820801,0
1.232372692989884,1
1.2327789839764591,0
1.2334826049918775,1
1.2338894149870612,0
1.2345950919843744,1
1.2349990869988687,0
1.235706040984951,1
1.2361113329825457,0
1.2368180459889118,1
1.2372249119798653,0
1.2379307739902288,1
1.2383367319998797,0
1.2390241679968312,1
1.239431773981778,0
1.240138246997958,1
1.240543000982143,0
1.2412487519904971,1
1.2416537659883033,0
1.24240016398835,1
1.2428076959913597,0
1.243524149991572,1
1.2439327199826948,0
1.244635691982694,1
1.2450423359987326,0
1.2457467899948824,1
1.246152248000726,0
1.2468567399773747,1
1.2472699380014092,0
1.247974614991108,1
1.2483807029784657,0
1.2490866199950688,1
1.2494940600008704,0
1.2501984399859793,1
1.2506039909785613,0
1.2513117039925419,1
1.2517173289961647,0
1.2524264679814223,1
1.2528269269969314,0
1.253533287992468,1
1.253942912997445,0
1.254643459978979,1
1.2550243439909536,0
1.2557342059735674,1
1.2561399419791996,0
1.2568462109775282,1
1.2572548539901618,0
1.257963568001287,1
1.2583667299768422,0
1.2590748689835891,1
1.259481382992817,0
1.260184725979343,1
1.2605929619749077,0
1.2612964719883166,1
1.2617009859823156,0
1.2624062729883008,1
1.2628126019844785,0
1.2635184269747697,1
1.2639239959826227,0
1.264629597979365,1
1.265035481977975,0
1.2657383999903686,1
1.2661627829947975,0
1.2668705339892767,1
1.26728328797617,0
1.267988871986745,1
1.2683960709837265,0
1.269099043973256,1
1.2695065949810669,0
1.2702106969954912,1
1.270615988993086,0
1.2713244989863597,1
1.27173008598038,0
1.272433836973505,1
1.2728392949793488,0
1.2735445269790944,1
1.273948614980327,0
1.2746546249836683,1
1.2750202499737497,0
1.2757269449939486,1
1.2761334769893438,0
1.276841949991649,1
1.2772473529912531,0
1.2779533439897932,1
1.2783597839879803,0
1.2790227939840406,1
1.279429899994284,0
1.2801336139964405,1
1.2805404239916243,0
1.2812448409968056,1
1.281650744000217,0
1.2823556609801017,1
1.2827608039951883,0
1.2834651109878905,1
1.2838711609947495,0
1.2845770229760092,1
1.2849808519822545,0
1.285688472999027,1
1.2860971159825567,0
1.2868040519824717,1
1.2872130469768308,0
1.2879189829982352,1
1.2883228669816162,0
1.289028265979141,1
1.289433908998035,0
1.2901381969859358,1
1.2905437469889876,0
1.2912502760009374,1
1.291656677989522,0
1.2923627249838319,1
1.2927664049784653,0
1.2934712119749747,1
1.2938784289872274,0
1.2945825129863806,1
1.2949873599864077,0
1.2956967589852866,1
1.2961028649879154,0
1.2968188009981532,1
1.297218832973158,0
1.2979223239817657,1
1.2983294680016115,0
1.2990195890015457,1
1.2994249539915472,0
1.300130352989072,1
1.3005361079995055,0
1.3012425809865817,1
1.3016506869753357,0
1.3023569189826958,1
1.3027644319809042,0
1.303469275997486,1
1.3038771229912527,0
1.3045814659853932,1
1.3049884239735547,0
1.3056926189747173,1
1.3061025959905237,0
1.3068650489731226,1
1.307275506987935,0
1.3079787209862843,1
1.3083856049925089,0
1.3090894109918736,1
1.3094955919950735,0
1.3101994349854067,1
1.3106047259934712,0
1.3113119959889445,1
1.3117183049907908,0
1.3124241670011543,1
1.312829550995957,0
1.313534319982864,1
1.3139421299856622,0
1.314644417987438,1
1.3150200799864251,0
1.315723571984563,1
1.3161283819936216,0
1.3168328919855412,1
1.3172405529767275,0
1.317943155998364,1
1.3183507619833108,0
1.3190242539858446,1
1.319429692986887,0
1.3201349070004653,1
1.3205413649848197,0
1.3212497269851156,1
1.3216595919802785,0
1.3223614359740168,1
1.3227682639844716,0
1.3234740699990653,1
1.3238820279948413,0
1.3245849639934022,1
1.3249921629903838,0
1.3256959879945498,1
1.3261017049953807,0
1.3268077709944919,1
1.3272149139957037,0
1.3279205719882157,1
1.3283261409960687,0
1.3290292249876074,1
1.3294359610008541,0
1.330142155988142,1
1.3305457069945987,0
1.3312534019933082,1
1.3316601929836906,0
1.3323640179878566,1
1.3327704949770123,0
1.3334760969737545,1
1.3338802409998607,0
1.334584879979957,1
1.3349919859902002,0
1.3356983299890999,1
1.336108138988493,0
1.3368091119918972,1
1.3372149219794665,0
1.3379185989906546,1
1.3383244639844634,0
1.339017899997998,1
1.3394243399961852,0
1.3401140719943214,1
1.340520956000546,0
1.341246798983775,1
1.3421320479828864,0
1.3428525759954937,1
1.3432715339877177,0
1.3439832849835511,1
1.3443924649909604,0
1.345097678975435,1
1.3455017289961688,0
1.3462072759866714,1
1.3466124569822568,0
1.3473204670008272,1
1.3477270169823896,0
1.3484319529961795,1
1.3488398929766845,0
1.3495421249826904,1
1.349948767980095,0
1.3506542589748278,1
1.3510270139959175,0
1.351724745996762,1
1.3521320189756807,0
1.3528422699891962,1
1.3532635799783748,0
1.354156327986857,1
1.3545686939905863,0
1.3552827399980742,1
1.3556922540010419,0
1.356397522991756,1
1.3568024809937924,0
1.3575065280019771,1
1.3579143940005451,0
1.358617495978251,1
1.3590096949774306,0
1.3597249269951135,1
1.360130199987907,0
1.360836746986024,1
1.3612412980000954,0
1.361947325989604,1
1.362351209972985,0
1.3630246099783108,1
1.3634311969799455,0
1.3641377259918954,1
1.3645379619847517,0
1.3652459529985208,1
1.3656511519802734,0
1.3663585689791944,1
1.3667646009998862,0
1.3674691849737428,1
1.3678757539892104,0
1.3685806349967606,1
1.3689868889923673,0
1.3696916209883057,1
1.3700963199953549,0
1.370802163000917,1
1.3712091959896497,0
1.3719145759823732,1
1.372321237984579,0
1.3730243030004203,1
1.3734313539753202,0
1.3741438819852192,1
1.3745455439784564,0
1.375255646998994,1
1.3756644009845331,0
1.3763693179935217,1
1.3767757949826773,0
1.3774807309964672,1
1.3778846329951193,0
1.3785920689988416,1
1.378996767976787,0
1.3797029259731062,1
1.3801095319795422,0
1.3808148939860985,1
1.3812202409899328,0
1.3819253989786375,1
1.3823343569820281,0
1.38300977498875,1
1.3834251769876573,0
1.3841277429892216,1
1.3845338489918504,0
1.3852274149830919,1
1.3856356689939275,0
1.386338882992277,1
1.3867459889734164,0
1.387451238988433,1
1.3878570679808035,0
1.3885622999805491,1
1.388968090992421,0
1.389673119992949,1
1.3900811149796937,0
1.3907839399762452,1
1.3911914719792549,0
1.391896036977414,1
1.3923019399808254,0
1.3930062829749659,1
1.3934119079785887,0
1.394118954980513,1
1.3945270979893394,0
1.3952348489838187,1
1.395641547976993,0
1.3963458349753637,1
1.3967511639930308,0
1.3974574889871292,1
1.39786026100046,0
1.3985649199748877,1
1.3989725259889383,0
1.3996782019967213,1
1.4000816049810965,0
1.4007888929918408,1
1.4011950169806369,0
1.40189934198861,1
1.4023031889810227,0
1.4030090140004177,1
1.4034142679884098,0
1.4041187969851308,1
1.4045259580016136,0
1.405230190983275,1
1.4056363339768723,0
1.4063395479752216,1
1.40674570898409,0
1.4074521269940306,1
1.407859565981198,0
1.4085626689775381,1
1.4089683489874005,0
1.4096755809732713,1
1.410080001980532,0
1.4107846419792622,1
1.411191469989717,0
1.4118993689771742,1
1.4123040119884536,0
1.413009151990991,1
1.4134150539757684,0
1.414120526984334,1
1.4145241889928002,0
1.4152301809808705,1
1.4156356939929537,0
1.4163428519968875,1
1.4167471809778363,0
1.4174509680015035,1
1.4178612229879946,0
1.4185623619996477,1
1.4189692459767684,0
1.4196760529885069,1
1.4200830479967408,0
1.420785279973643,1
1.4211936270003207,0
1.4218982109741773,1
1.4223038359778002,0
1.4230080309789628,1
1.4234151919954456,0
1.4241186099825427,1
1.424526048998814,0
1.4252277079795022,1
1.4256356659752782,0
1.4263396939786617,1
1.4267454669752624,0
1.427451420982834,1
1.427859212999465,0
1.428561759996228,1
1.4289683659735601,0
1.429678727989085,1
1.4300796299939975,0
1.430784213996958,1
1.4311908759991638,0
1.4318976639769971,1
1.4323023069882765,0
1.4330078909988515,1
1.4334129049966577,0
1.434117228985997,1
1.4345214649802074,0
1.4352273089752998,1
1.4356351179885678,0
1.4363402210001368,1
1.436744271981297,0
1.4374493369832635,1
1.4378541839832906,0
1.4385618609958328,1
1.438967597001465,0
1.439672680979129,1
1.440080564992968,0
1.4407840929925442,1
1.4411898839753121,0
1.4418945609941147,1
1.442299981979886,0
1.4430030660005286,1
1.4434111539740115,0
1.444114792975597,1
1.4445227699761745,0
1.4452280949917622,1
1.4456316819996573,0
1.4463379699736834,1
1.4467427249765024,0
1.4474498639756348,1
1.447854562982684,0
1.4485603319772054,1
1.4489664379798342,0
1.449670003989013,1
1.4500748319842387,0
1.4507814529933967,1
1.4511898369819392,0
1.451896032987861,1
1.4523013789730612,0
1.4530062599806115,1
1.4534117729926948,0
1.4541150239820126,1
1.454519666993292,0
1.4552263069781475,1
1.455635894992156,0
1.456338367977878,1
1.456744325987529,0
1.4574470579973422,1
1.4578549419820774,0
1.4585577299876604,1
1.4589635209995322,0
1.4596696230000816,1
1.4600760259781964,0
1.4607795919873752,1
1.4611854940012563,0
1.4618918189953547,1
1.4622954439837486,0
1.4630022129858844,1
1.4634093189961277,0
1.4641124769987073,1
1.4645190829760395,0
1.4653584429761395,1
1.4657795119856019,0
1.4665018369851168,1
1.4669818679976743,0
1.4676927109831013,1
1.4681019469862804,0
1.468816660984885,1
1.4692119709798135,0
1.4699169809755404,1
1.4703236049972475,0
1.4710100419761147,1
1.4714306849928107,0
1.472133805975318,1
1.4725384119956288,0
1.4732452549797017,1
1.4736484729801305,0
1.4743537969770841,1
1.4747606439923402,0
1.4754676169832237,1
1.4758738160016946,0
1.4765798070002347,1
1.4769840249791741,0
1.4776884239981882,1
1.4780947889958043,0
1.4788007809838746,1
1.4792069979885127,0
1.479912359995069,1
1.4803174289991148,0
1.4810234939795919,1
1.4814276749966666,0
1.482133535988396,1
1.48253716097679,0
1.48324474497349,1
1.483651017973898,0
1.4843538429995533,1
1.4847613379824907,0
1.4854641439742409,1
1.4858701579796616,0
1.4865752419864293,1
1.4869822739856318,0
1.4876882469980046,1
1.488090797996847,0
1.4888056589988992,1
1.4892636349832173,0
1.4899701639951672,1
1.4903793249977753,0
1.4910856319766026,1
1.4914930159866344,0
1.4921962849912234,1
1.492603483988205,0
1.4933084009971935,1
1.4937143589777406,0
1.4944179989979602,1
1.4948243089893367,0
1.4955317629792262,1
1.4959373509918805,0
1.4966423049918376,1
1.4970487079990562,0
1.4977539949759375,1
1.4981577309954446,0
1.4988631479791366,1
1.4992713099927641,0
1.4999754679738544,1
1.5003804820007645,0
1.5010873989958782,1
1.5014928389864508,0
1.502197626978159,1
1.5026031769812107,0
1.5033090389915742,1
1.5037138299958315,0
1.5044177660020068,1
1.5048249469837174,0
1.5055276229977608,1
1.5059337849961594,0
1.5066387209808454,1
1.507025826984318,0
1.5077147629926912,1
1.5080962590000127,0
1.5088671749981586,1
1.5092886519851163,0
1.5107585410005413,1
1.5111800359736662,0
1.5118766569939908,1
1.5122822449775413,0
1.512986995978281,1
1.5133935089979786,0
1.514096796978265,1
1.5145038479822688,0
1.5152080059924629,1
1.5156145200016908,0
1.516318677982781,1
1.5167265060008503,0
1.5174294049793389,1
1.517835381993791,0
1.518540168995969,1
1.5189463129790965,0
1.5196528039814439,1
1.5200605769932736,0
1.5207652719982434,1
1.5211342120019253,0
1.5218434809939936,1
1.5222477539791726,0
1.52295448599034,1
1.5233599439961836,0
1.5240650649939198,1
1.5244712459971197,0
1.5251775889773853,1
1.5255838799930643,0
1.5262920379755087,1
1.5266973479883745,0
1.5274077659996692,1
1.527818815986393,0
1.5285330479964614,1
1.5289337469730526,0
1.5296449049783405,1
1.530052973976126,0
1.5308370389975607,1
1.5320960979734082,0
1.5326166279846802,1
1.533023530995706,0
1.5337294669880066,1
1.534134905989049,0
1.5348398609785363,1
1.5352462999871932,0
1.5359541249927133,1
1.5363600089913234,0
1.5370628709788434,1
1.5374701439868659,0
1.5383892249956261,1
1.5387686280009802,0
1.5395073779800441,1
1.5399317059782334,0
1.5406595679814927,1
1.5410828409949318,0
1.5417951279960107,1
1.5422061790013686,0
1.5428837449871935,1
1.5432862209854648,0
1.5439694169908762,1
1.5443818559870124,0
1.5450642549840268,1
1.545471583987819,0
1.5461773529823404,1
1.5465840149845462,0
1.547288709989516,1
1.5476969089941122,0
1.548400973988464,1
1.5488050429848954,0
1.5500438250019215,1
1.5504568749747705,0
1.5511732919840142,1
1.5515910469985101,0
1.5523024819849525,1
1.5527150139969308,0
1.5534215979860164,1
1.5538278709864244,0
1.5545321029785555,1
1.5549391539825592,0
1.5556444599933457,1
1.5560488810006063,0
1.5567542429780588,1
1.5571617569949012,0
1.5578652299882378,1
1.5582709839800373,0
1.5589744199824054,1
1.5593810259888414,0
1.5600857399986126,1
1.5604914199793711,0
1.5611965779971797,1
1.5616006839845795,0
1.5623046389955562,1
1.562711855978705,0
1.563420773978578,1
1.5638262499996927,0
1.5645315559813753,1
1.564936532988213,0
1.5656413579999935,1
1.5660455569741316,0
1.5667506039899308,1
1.5671639869979117,0
1.5678644049912691,1
1.5682697699812707,0
1.5689739649824332,1
1.5693805899936706,0
1.5700919329829048,1
1.570488168974407,0
1.5711944020004012,1
1.5716006189759355,0
1.5723054249829147,1
1.572712604975095,0
1.5734226889908314,1
1.5738279069773853,0
1.5746854889730457,1
1.575099761976162,0
1.5758078089857008,1
1.5762162479804829,0
1.5769204249954782,1
1.5773283089802135,0
1.5780320219928399,1
1.5784369799948763,0
1.5791429899982177,1
1.5795508369919844,0
1.5802543839963619,1
1.5806620459770784,0
1.5813653339864686,1
1.58177099598106,0
1.5824749499734025,1
1.5828828899830114,0
1.5835914179915562,1
1.5839975609851535,0
1.5847036449995358,1
1.5851091590011492,0
1.5858148719999008,1
1.586218274984276,0
1.5869243219785858,1
1.5873416689864825,0
1.5880271419882774,1
1.5884445259871427,0
1.5891524059989024,1
1.5895601789816283,0
1.5902703929750714,1
1.5906857209920418,0
1.5914072119921912,1
1.591820410976652,0
1.592534772993531,1
1.5929493599978741,0
1.5936686109926086,1
1.5940783649857622,0
1.5947880229796283,1
1.5952111480000895,0
1.5959202689991798,1
1.596334781992482,0
1.598221203981666,1
1.5986444579903036,0
1.5994062629761174,1
1.5998953309899662,0
1.6006309519871138,1
1.601034039980732,0
1.6025065779977012,1
1.6029276099870913,0
1.603601341979811,1
1.604002762993332,0
1.60472636600025,1
1.6051451569946948,0
1.6058641109848395,1
1.606275772996014,0
1.606991170992842,1
1.6074122219870333,0
1.60817530498025,1
1.60859074498876,0
1.6097725819854531,1
1.6101867069955915,0
1.6109057540015783,1
1.6113201749976724,0
1.6120391099830158,1
1.6124192540009972,0
1.613131911988603,1
1.6135390919807833,0
1.614246953977272,1
1.6146525599760935,0
1.615361865988234,1
1.6157701019837987,0
1.6164811489870772,1
1.616902328998549,0
1.6176216909952927,1
1.6181399439810775,0
1.6188643419882283,1
1.6192833739914931,0
1.620014716987498,1
1.6205783589975908,0
1.6212758499896154,1
1.6216732899774797,0
1.6223682259733323,1
1.6227818319748621,0
1.6234988789947238,1
1.6239330959797371,0
1.6246416609792504,1
1.6250514529820066,0
1.625757221976528,1
1.6261632539972197,0
1.6268719489744399,1
1.6272823509934824,0
1.6279881949885748,1
1.628392818995053,0
1.6290979219775181,1
1.629504268988967,0
1.6302098339947406,1
1.6306146259885281,0
1.6313200619770214,1
1.6317265009856783,0
1.63243110399344,1
1.6328361539926846,0
1.6335425159777515,1
1.6339463259791955,0
1.634651631989982,1
1.6350256649893709,0
1.6357255819893908,1
1.6361295959795825,0
1.6368374759913422,1
1.6372547679929994,0
1.6379628889844753,1
1.6383719209989067,0
1.6390823199762963,1
1.6394889629737008,0
1.6401938060007524,1
1.6406003939919174,0
1.6413099219789729,1
1.6417188249761239,0
1.6424260379862972,1
1.64283190399874,0
1.6435483019740786,1
1.6439578899880871,0
1.644667992979521,1
1.645074839994777,0
1.645782904990483,1
1.6461955849954393,0
1.6469150209741201,1
1.647325996978907,0
1.648040673986543,1
1.648448298976291,0
1.6491623269976117,1
1.6495740629907232,0
1.6502838129817974,1
1.6506936229998246,0
1.6514097809849773,1
1.6523413629911374,0
1.653059279982699,1
1.6534789409779478,0
1.6541998960019555,1
1.6546413349860813,0
1.6553610479750205,1
1.6557784129981883,0
1.6564853489981033,1
1.6569017889851239,0
1.6580758669879287,1
1.658487676992081,0
1.6591991129971575,1
1.659611810988281,0
1.660319950984558,1
1.6607288910017814,0
1.6614369000017177,1
1.6618462289916351,0
1.6625541829853319,1
1.662963418988511,0
1.6636739659879822,1
1.6640799979795702,0
1.664787803980289,1
1.665209076978499,0
1.6659160309936851,1
1.6663262119982392,0
1.6670563139778096,1
1.6674635679810308,0
1.6681796519842464,1
1.6685977579909377,0
1.6693071379850153,1
1.6697194669977762,0
1.6704268839966971,1
1.6710861539759208,0
1.6718168299994431,1
1.6722358249826357,0
1.6729560940002557,1
1.6733942559803836,0
1.6740782099950593,1
1.6750088469998445,0
1.6757762449851725,1
1.676189258985687,0
1.676934008981334,1
1.6773151709930971,0
1.6780267549911514,1
1.6784393979760353,0
1.6791550380003173,1
1.6795626809762325,0
1.6802722089923918,1
1.680682407983113,0
1.6813923439767677,1
1.681801838974934,0
1.6825075899832882,1
1.6830570829915814,0
1.6837739079783205,1
1.6842329019855242,0
1.6849131159833632,1
1.6853328149882145,0
1.6864243939926382,1
1.6873681969882455,0
1.6880858179938514,1
1.6884986099903472,0
1.6892066009750124,1
1.6896149659878574,0
1.6903172169986647,1
1.6907280449813697,0
1.691436758992495,1
1.691847494977992,0
1.6925540599913802,1
1.692961517983349,0
1.693674509995617,1
1.694084782997379,0
1.694791625981452,1
1.6951979729929008,0
1.6959051859739702,1
1.6963188480003737,0
1.6970280989771709,1
1.6974336489802226,0
1.6981427149730735,1
1.6985518209985457,0
1.6992663489945699,1
1.6996735299762804,0
1.700383168994449,1
1.7007967940007802,0
1.701498840993736,1
1.7019087249937002,0
1.7026199009851553,1
1.7030469329911284,0
1.7037486839981284,1
1.70415564198629,0
1.7048650039942004,1
1.705319905973738,0
1.7060412489809096,1
1.7064713549916632,0
1.7071900499868207,1
1.707610229990678,0
1.7083669799903873,1
1.7087795859843027,0
1.7094911139865872,1
1.7099009609955829,0
1.710608155990485,1
1.7110593919933308,0
1.7117685869743582,1
1.7121758779976517,0
1.7128794989839662,1
1.7132861239952035,0
1.7139934299921151,1
1.7143999249965418,0
1.7151107309910003,1
1.7155210599885322,0
1.716233254992403,1
1.7166493049880955,0
1.7173650749900844,1
1.7177748099784367,0
1.718495412991615,1
1.718879592983285,0
1.7195942879770882,1
1.7200061909970827,0
1.7207303119939752,1
1.7211430289899,0
1.7218905749905389,1
1.722296440973878,0
1.7230730049777776,1
1.7234869999811053,0
1.7241951399773825,1
1.7246000049926806,0
1.7253067379933782,1
1.7257118619745597,0
1.7264172979921568,1
1.7268230529734865,0
1.7275816169858444,1
1.7280005009961314,0
1.7288552690006327,1
1.729286466987105,0
1.7300085509778,1
1.7304287309816573,0
1.7311481299984735,1
1.7315694949938916,0
1.7322741349926218,1
1.7326836109859869,0
1.7333907509746496,1
1.733795487001771,0
1.7344995889870916,1
1.734907324978849,0
1.7356113529822323,1
1.7360416069859639,0
1.7367268949747086,1
1.7371343529957812,0
1.737839604000328,1
1.7382475439808331,0
1.738950330996886,1
1.7393615859909914,0
1.7400719469878823,1
1.7404653869743925,0
1.7411773039784748,1
1.741585113981273,0
1.7422924949787557,1
1.7426982299948577,0
1.7434039999789093,1
1.743812105996767,0
1.7445152449945454,1
1.7449220179987606,0
1.745627287979005,1
1.746031189977657,0
1.7467454409925267,1
1.7471515099750832,0
1.7478552419925109,1
1.748263514979044,0
1.748967913998058,1
1.7493722789804451,0
1.7500772519852035,1
1.7504839689936489,0
1.7511896649957635,1
1.751597677997779,0
1.7523024099937174,1
1.7527074609824922,0
1.753412470978219,1
1.7538203549920581,0
1.7545224019850139,1
1.7549286559806205,0
1.7556367219949607,1
1.7560431429883465,0
1.7567465419997461,1
1.7571552029985469,0
1.7578673609823454,1
1.758287874981761,0
1.758998495992273,1
1.7594288049731404,0
1.7601301120012067,1
1.7605345329793636,0
1.7612406909756828,1
1.7616455929819494,0
1.7623517329921015,1
1.762757246993715,0
1.763466015981976,1
1.7638718629896175,0
1.764576761983335,1
1.7649807569978293,0
1.765686062979512,1
1.766095687984489,0
1.7668022159778047,1
1.7672099699848332,0
1.7679330729879439,1
1.768323326978134,0
1.7690260599774774,1
1.7694344990013633,0
1.7701382499944884,1
1.7705445409810636,0
1.7712478659814224,1
1.771654045995092,0
1.7723595929855946,1
1.7727645699924324,0
1.7734716169943567,1
1.7738815379852895,0
1.7745804179867264,1
1.774987301992951,0
1.7757012009969912,1
1.7761124369862955,0
1.776818464975804,1
1.7772273309819866,0
1.7779348399781156,1
1.7783806499792263,0
1.7790880859829485,1
1.7794975439901464,0
1.780202701978851,1
1.7806101229798514,0
1.7813143919920549,1
1.781719794991659,0
1.782424192992039,1
1.7828300399996806,0
1.78353890197468,1
1.7839430079911835,0
1.7846485739864875,1
1.785053475992754,0
1.7857604859746061,1
1.7861666479730047,0
1.7868750649795402,1
1.7872841529897414,0
1.7879874219943304,1
1.788395416981075,0
1.7890995759807993,1
1.7895062189782038,0
1.7902100439823698,1
1.7906170939968433,0
1.7913227149983868,1
1.7917283769929782,0
1.7924325539788697,1
1.7928409189917147,0
1.7935450589866377,1
1.7939504429814406,0
1.7946546749735717,1
1.7950241149810608,0
1.7957318839908112,1
1.7961365829978604,0
1.7968451669730712,1
1.797252568998374,0
1.7979574679920916,1
1.7983635189884808,0
1.799070380977355,1
1.7994762460002676,0
1.8001822929945774,1
1.8005868249747436,0
1.8012930569821037,1
1.8016972189943772,0
1.8024036369752139,1
1.8028117799840402,0
1.8035177159763407,1
1.8039237109769601,0
1.8046262949937955,1
1.805031197000062,0
1.8057406889856793,1
1.8061489620013162,0
1.806860730983317,1
1.8072629849775694,0
1.8079400319838896,1
1.8083211199846119,0
1.8090319449838717,1
1.8094391439808533,0
1.8101460799807683,1
1.8105509449960664,0
1.811258232977707,1
1.8116634499747306,0
1.8123697749979328,1
1.8127759369963314,0
1.8134797429956961,1
1.8138850529794581,0
1.814590062975185,1
1.8149937799898908,0
1.815703993983334,1
1.8161096559779253,0
1.816817535989685,1
1.817225252976641,0
1.8179298369796015,1
1.8183362949930597,0
1.8190271939965896,1
1.8194355409941636,0
1.820140032999916,1
1.8205451940011699,0
1.8212515189952683,1
1.821656661981251,0
1.822362153994618,1
1.8227670560008846,0
1.8234777139732614,1
1.8238872840011027,0
1.8245940709894057,1
1.8250009549956303,0
1.8257067059748806,1
1.8261167939926963,0
1.826838062988827,1
1.8272762049746234,0
1.828004159993725,1
1.8290080729930196,0
1.8297053429996595,1
1.83009867099463,0
1.8307889039861038,1
1.831220805994235,0
1.8345204319921322,1
1.834754447976593,0
1.8354679209878668,1
1.8358768789912574,0
1.8366679619939532,1
1.837072697991971,0
1.8377995409828145,1
1.8382343129778747,0
1.8389603969990276,1
1.8393809289846104,0
1.8401085129880812,1
1.8405420999915805,0
1.8412809429864865,1
1.8417075859906618,0
1.8425436689867638,1
1.8429529040004127,0
1.843675006995909,1
1.844287406973308,0
1.8449994169932324,1
1.8454122259863652,0
1.8461194959818386,1
1.8465273049951065,0
1.8472344079928007,1
1.8476439219957683,0
1.8483539689914323,1
1.8487536859756801,0
1.8494606589956675,1
1.8499466529756319,0
1.8506760890013538,1
1.8510986569745,0
1.85200877598254,1
1.8524314559763297,0
1.8531270769890398,1
1.8535140909953043,0
1.8542416929849423,1
1.8546524109842721,0
1.8553410509775858,1
1.8557566379895434,0
1.8564671669737436,1
1.8568799579807092,0
1.8575943569885567,1
1.8580028889991809,0
1.8587094169924967,1
1.859116430976428,0
1.8598212739743758,1
1.8602246579830535,0
1.8609319459937979,1
1.8613361259922385,0
1.8620398769853637,1
1.8624525939812884,0
1.8631530669808853,1
1.8635579510009848,0
1.864264664996881,1
1.864670307986671,0
1.8653897069743834,1
1.8657999419956468,0
1.8665028039831668,1
1.8669190029904712,0
1.8676363089762162,1
1.8680545259849168,0
1.86886255297577,1
1.8692695299978368,0
1.8699942059756722,1
1.8704148489923682,0
1.871154155000113,1
1.8715679459855892,0
1.872386787988944,1
1.8728105979971588,0
1.8735165519756265,1
1.874040693975985,0
1.8749205169733614,1
1.8753393270017114,0
1.876055873988662,1
1.8765288309950847,0
1.8772389699879568,1
1.8776479469961487,0
1.8783582159958314,1
1.8787668779841624,0
1.8794774249836337,1
1.8799398449773435,0
1.8806045589735731,1
1.880998220993206,0
1.8816947679733858,1
1.8820858379767742,0
1.8827798290003557,1
1.883190675987862,0
1.883892426994862,1
1.884286088985391,0
1.8849946539849043,1
1.8854009450005833,0
1.886156824999489,1
1.8865657459828071,0
1.8872753669857047,1
1.8876853440015111,0
1.8883913719910197,1
1.8887985519832,0
1.8895336729765404,1
1.8899489459872711,0
1.8906605109805241,1
1.8911770419799723,0
1.8918938669958152,1
1.89230682500056,0
1.893021019990556,1
1.8934119409823325,0
1.8941338579752482,1
1.894547389994841,0
1.8952632149739657,1
1.895719542982988,0
1.8963869609870017,1
1.8967922889860347,0
1.897529001988005,1
1.897940941998968,0
1.8986495809804182,1
1.8991466309817042,0
1.8999481399951037,1
1.9003606159822084,0
1.901091847976204,1
1.901533786993241,0
1.902245185978245,1
1.902656976977596,0
1.9033650799829047,1
1.9037728519761004,0
1.9044782329874579,1
1.9048902089998592,0
1.9056015339738224,1
1.9060078809852712,0
1.906713927979581,1
1.9071257559990045,0
1.907836710975971,1
1.9082437799952459,0
1.9089379749784712,1
1.9093880439759232,0
1.9100582209939603,1
1.9104625309992116,0
1.9111530779919121,1
1.911578350001946,0
1.912290693988325,1
1.9127058919984847,0
1.9134166989824735,1
1.9138297489844263,0
1.9145451849908568,1
1.9149549579888117,0
1.9156710419920273,1
1.91608409199398,0
1.916796360979788,1
1.9172147819772363,0
1.9181106969772372,1
1.918527247995371,0
1.9192426090012304,1
1.919656104000751,0
1.9203685589891393,1
1.9207760719873477,0
1.9214825819944963,1
1.9218919479753822,0
1.9225983469805215,1
1.9230031929910183,0
1.9237211479921825,1
1.9241372349788435,0
1.924951911001699,1
1.9253454979916569,0
1.9260510449821595,1
1.926648648979608,0
1.9273797889763955,1
1.9277895979757886,0
1.928501181973843,1
1.9289134739956353,0
1.9296195759961847,1
1.930030478979461,0
1.9307378959783819,1
1.931151205993956,0
1.9318649559863843,1
1.932273765996797,0
1.932981164980447,1
1.9333900309866294,0
1.934106743981829,1
1.9345160909870174,0
1.93522611897788,1
1.9356396139774006,0
1.9363553089788184,1
1.9367674339737277,0
1.937476166000124,1
1.937883216975024,0
1.9385924119851552,1
1.9390077029820532,0
1.9397188239963725,1
1.9401363380020484,0
1.9408491069916636,1
1.9412710649776272,0
1.9430833579972386,1
1.9435018519870937,0
1.9442277699999977,1
1.9446496529853903,0
1.945706769998651,1
1.946158579987241,0
1.9468846079835203,1
1.9473789719922934,0
1.948100314999465,1
1.9485237729968503,0
1.9504161209915765,1
1.9508557449735235,0
1.9515804769762326,1
1.9520244159793947,0
1.9528400540002622,1
1.9532916229800321,0
1.954020020988537,1
1.9550693969940767,0
1.9557957779907156,1
1.9562182349909563,0
1.9569465039821807,1
1.9573625549965072,0
1.958148674981203,1
1.9585816329927184,0
1.9593044389912393,1
1.9597219889983535,0
1.960497479973128,1
1.960883326973999,0
1.961596984998323,1
1.9620059249864426,0
1.9627185079734772,1
1.96316416998161,0
1.9638715689943638,1
1.9642954519949853,0
1.9650244989898056,1
1.9679790739901364,0
1.9687186389928684,1
1.9691342639853247,0
1.9699031069758348,1
1.9703569159901235,0
1.9711084439768456,1
1.973231121985009,0
1.9782099129806738,1
1.9785845009901095,0
1.9793334549758583,1
1.9797626909858081,0
1.9804867929778993,1
1.980920565983979,0
1.9816472239908762,1
1.9820798849978019,0
1.9828138199809473,1
1.9832094819867052,0
1.98391536300187,1
1.98432394998963,0
1.9850127749959938,1
1.9854367329971865,0
1.98616222399869,1
1.9866322369780391,0
1.9873558209801558,1
1.9877837050007656,0
1.9884736959938891,1
1.9888981729745865,0
1.9896595889877062,1
1.9908520929748192,0
1.9915862329944503,1
1.9920349869935308,0
1.9927555519971065,1
1.9931482879910618,0
1.9941112579836044,1
1.9946012889849953,0
1.9956135539978277,1
1.9961047709803097,0
1.9972851639904547,1
1.9977942690020427,0
1.9991646409907844,1
1.9996959309792146,0
2.001030710991472,1
2.0015241309884004,0
2.003394977975404,1
2.003819546982413,0
2.0045377789938357,1
2.0049592930008657,0
2.0056230629852507,1
2.006135242001619,0
2.0068460289912764,1
2.0072517279768363,0
2.0079641269985586,1
2.008372806973057,0
2.009124186995905,1
2.0097568269993644,0
2.0110729779989924,1
2.0114618809893727,0
2.0121947979787365,1
2.0126210329763126,0
2.0133507099817507,1
2.0137775559851434,0
2.01449188098195,1
2.0149138939741533,0
2.0158066430012695,1
2.016240564000327,0
2.0169774989772122,1
2.0173699389852118,0
2.020691175974207,1
2.0213287429942284,0
2.0229059269768186,1
2.0237093989853747,0
2.024741571978666,1
2.025075252982788,0
2.0257914109970443,1
2.0262325539952144,0
2.0270637659996282,1
2.028373601991916,0
2.0290602969762404,1
2.0307667019951623,0
2.0314983599819243,1
2.0328353619843256,0
2.0344148429867346,1
2.0348174499813467,0
2.0358312710013706,1
2.036306727997726,0
2.0371099219773896,1
2.037435361999087,0
2.039368282974465,1
2.0398032589873765,0
2.040521639981307,1
2.0408993199816905,0
2.0415814599837177,1
2.042006010975456,0
2.0427708349889144,1
2.043197347986279,0
2.0438835059758276,1
2.0443106859747786,0
2.0450439369888045,1
2.045458968990715,0
2.0462207189993933,1
2.0466154549794737,0
2.0473475939943455,1
2.0477835519996006,0
2.0485049319977406,1
2.0489215010020416,0
2.04970712098293,1
2.050131208001403,0
2.050848717975896,1
2.051315397984581,0
2.052024333999725,1
2.0524343839788344,0
2.0531430789851584,1
2.0535507969907485,0
2.054259213997284,1
2.0546629129967187,0
2.055360792990541,1
2.055785083997762,0
2.056516445998568,1
2.0569034599757288,0
2.057615913974587,1
2.058197554986691,0
2.058909212995786,1
2.0593169299827423,0
2.060023050988093,1
2.0604461199836805,0
2.0611394819861744,1
2.061562550981762,0
2.062287764973007,1
2.062707056000363,0
2.0634266949782614,1
2.0638429309765343,0
2.064561348001007,1
2.06495110297692,0
2.0656818349962123,1
2.0668112649873365,0
2.067491016990971,1
2.0679013999761082,0
2.0686067619826645,1
2.069014516979223,0
2.0697186009783763,1
2.0701250589918345,0
2.0708280690014362,1
2.0712372299749404,0
2.071942702983506,1
2.0723495869897306,0
2.0730532640009187,1
2.073458054976072,0
2.0741681389918085,1
2.074574856989784,0
2.0752832369762473,1
2.0756897879764438,0
2.0763947230007034,1
2.076802069990663,0
2.0775117469893303,1
2.077918722992763,0
2.078625103982631,1
2.0790254139865283,0
2.0797318869736046,1
2.080137566983467,0
2.080840372975217,1
2.081246312998701,0
2.0819661369896494,1
2.082357391976984,0
2.08303503197385,1
2.0834300829737913,0
2.0841367219982203,1
2.084526698978152,0
2.085238726984244,1
2.085646055988036,0
2.0863702689821366,1
2.086780485988129,0
2.087491810991196,1
2.0878991579811554,0
2.0886062609788496,1
2.089011773990933,0
2.0897214689757675,1
2.090129778982373,0
2.090850510983728,1
2.0912335619796067,0
2.0919589239929337,1
2.0923690109921154,0
2.093084113992518,1
2.0934677939803805,0
2.094175712001743,1
2.0945843549852725,0
2.0952918279799633,1
2.095696507982211,0
2.096405498974491,1
2.096782827982679,0
2.097487633989658,1
2.097895184997469,0
2.0986028429761063,1
2.0990317819814663,0
2.099717162986053,1
2.1001267319952603,0
2.1008323899877723,1
2.101240458985558,0
2.1019475429784507,1
2.1023549089732114,0
2.103070344979642,1
2.1034783399954904,0
2.104182682989631,1
2.1045903629856184,0
2.1052976139762904,1
2.1057032569951843,0
2.1064139340014663,1
2.106822835979983,0
2.107533289992716,1
2.107939044974046,0
2.1086457959900144,1
2.1090510499780066,0
2.1097552639839705,1
2.11016125898459,0
2.110866360977525,1
2.111272504000226,0
2.111983106995467,1
2.112388083973201,0
2.113097167981323,1
2.1135036069899797,0
2.115756449988112,1
2.116138648998458,0
2.1169096949743107,1
2.117311282985611,0
2.1180276819795836,1
2.118449953995878,0
2.119163372000912,1
2.1195737369998824,0
2.120276820991421,1
2.12068900099257,0
2.121393381996313,1
2.1218664319894742,0
2.1225739419751335,1
2.122997509984998,0
2.1237167049839627,1
2.124154366989387,0
2.1248656550014857,1
2.125271167984465,0
2.126001084980089,1
2.1263835249992553,0
2.127095626987284,1
2.1275008259981405,0
2.1282052619790193,1
2.1286134609836154,0
2.1293092299893033,1
2.1297154479834717,0
2.1304508649918716,1
2.130874099995708,0
2.1315844059863593,1
2.1319917159853503,0
2.132709466997767,1
2.1330918699968606,0
2.133799306000583,1
2.1342078559973743,0
2.134911106986692,1
2.135318249987904,0
2.1360233339946717,1
2.1364280879788566,0
2.1371111539774574,1
2.1375101859739516,0
2.138218121981481,1
2.138627505977638,0
2.13932144199498,1
2.13974247398437,0
2.140451094979653,1
2.1408574050001334,0
2.141561266995268,1
2.1419789099891204,0
2.142685326980427,1
2.1430930259812158,0
2.1438035919854883,1
2.1442124569730368,0
2.1449177259928547,1
2.145322276977822,0
2.1460326199885458,1
2.1464394859794993,0
2.1471492359996773,1
2.1475552679912653,0
2.1482603149779607,1
2.1486679959925823,0
2.1493735059921164,1
2.149781981977867,0
2.1504874370002653,1
2.150895579979988,0
2.151604070997564,1
2.1520125109818764,0
2.152721816994017,1
2.1531336269981693,0
2.1538403399754316,1
2.1542471129796468,0
2.154951289994642,1
2.1553567109804135,0
2.1560649429738987,1
2.1564822899817955,0
2.1571961889858358,1
2.1575978499895427,0
2.1583142679883167,1
2.158683799993014,0
2.1593926060013473,1
2.1598157309927046,0
2.1605235559982248,1
2.1609311059874017,0
2.161637523997342,1
2.1620476669922937,0
2.162753268989036,1
2.163164172001416,0
2.1638714599830564,1
2.164276287978282,0
2.1649827049986925,1
2.1653865150001366,0
2.1660961549787316,1
2.166505741974106,0
2.1672169559751637,1
2.167621672997484,0
2.168328349973308,1
2.1687334009911865,0
2.169437502976507,1
2.1698435169819277,0
2.17056628598948,1
2.1709542999742553,0
2.171663864981383,1
2.1720705079787876,0
2.1727783889800776,1
2.1731822169967927,0
2.17388693097746,1
2.174268888978986,0
2.175047842989443,1
2.175445929984562,0
2.176157237001462,1
2.176565842994023,0
2.177274129993748,1
2.177680865977891,0
2.1784651349880733,1
2.1788349080015905,0
2.179545380990021,1
2.1799550610012375,0
2.18065931199817,1
2.1810658069734927,0
2.181771168980049,1
2.1821764599881135,0
2.182881691987859,1
2.183292445988627,0
2.183979752997402,1
2.184384580992628,0
2.1850908319756854,1
2.1854975119931623,0
2.1862069479830097,1
2.1866147949767765,0
2.1873271569784265,1
2.1877294479927514,0
2.1884398099791724,1
2.18896889599273,0
2.189705257973401,1
2.1901177159743384,0
2.1908223739883397,1
2.1912320719857235,0
2.1919326939969324,1
2.1923549289931543,0
2.193066142994212,1
2.193476489977911,0
2.1941824439854827,1
2.194585772987921,0
2.195334207994165,1
2.195740258990554,0
2.196460676001152,1
2.1968658749829046,0
2.19757269899128,1
2.197979379998287,0
2.1986854449787643,1
2.1990907919825986,0
2.1997986719943583,1
2.2002031119773164,0
2.2009067139879335,1
2.2013141909847036,0
2.2020188679744024,1
2.202425047988072,0
2.2031282059906516,1
2.203535237989854,0
2.204238173988415,1
2.2046447989996523,0
2.205350437987363,1
2.205759414995555,0
2.2064638509764336,1
2.206874086987227,0
2.207579893001821,1
2.207987203000812,0
2.2086922499875072,1
2.2090961709909607,0
2.2098007729800884,1
2.210205730982125,0
2.2109099270019215,1
2.211318569985451,0
2.212025097978767,1
2.2124293529777788,0
2.2131338069739286,1
2.2135403209831566,0
2.214244904986117,1
2.214650954992976,0
2.2153552800009493,1
2.2157641269732267,0
2.2164705809846055,1
2.216880890977336,0
2.2175905119802337,1
2.21799706298043,0
2.2187063139863312,1
2.2191163639945444,0
2.219825984997442,1
2.220223942975281,0
2.220939285994973,1
2.221350892999908,0
2.222054235986434,1
2.2224607119860593,0
2.223166981973918,1
2.2235729949898086,0
2.224276615976123,1
2.2246823519817553,0
2.225389806990279,1
2.225793302000966,0
2.226503422978567,1
2.2269634359981865,0
2.227664926991565,1
2.2280712929787114,0
2.2287746539805084,1
2.229179926973302,0
2.229887196997879,1
2.2302916729822755,0
2.2309952389914542,1
2.231403177982429,0
2.2321093359787483,1
2.232513979979558,0
2.2332179519871715,1
2.23362570698373,0
2.2343296239851043,1
2.234734674973879,0
2.235439796000719,1
2.2358476059744135,0
2.2365548749803565,1
2.236960869980976,0
2.2376694359991234,1
2.2380774119810667,0
2.2387811259832233,1
2.239190675987629,0
2.2398973899835255,1
2.2403028109984007,0
2.241006339987507,1
2.2414113159757107,0
2.2421607699943706,1
2.2425664689799305,0
2.2432832189952023,1
2.2436755480011925,0
2.24439129899838,1
2.244908143999055,0
2.2456147839839105,1
2.246020482998574,0
2.2467327149934135,1
2.247140486986609,0
2.2478500529832672,1
2.248255510989111,0
2.2489603539870586,1
2.249366737989476,0
2.2500730069878045,1
2.2504791879910044,0
2.2511860499798786,1
2.251589729974512,0
2.2522945730015635,1
2.252701826975681,0
2.2534058000019286,1
2.2538102959806565,0
2.2545161199814174,1
2.254921633983031,0
2.255630328989355,1
2.256035101978341,0
2.2567431119969115,1
2.2571526620013174,0
2.257855653995648,1
2.258262000977993,0
2.2589690479799174,1
2.259374838991789,0
2.260085126996273,1
2.2604855109821074,0
2.2611894279834814,1
2.2615974599902984,0
2.262300192989642,1
2.2627061879902612,0
2.2634113269741647,1
2.2638192669837736,0
2.264522109995596,1
2.2649277719901875,0
2.2656339120003395,1
2.2660400919849053,0
2.2667469539737795,1
2.2671535039844457,0
2.267859180981759,1
2.268264249985805,0
2.2689708709949628,1
2.2693771439953707,0
2.2700817459844984,1
2.2704860379744787,0
2.2711930479854345,1
2.2715975059836637,0
2.272303756995825,1
2.2727092699788045,0
2.2734167059825268,1
2.273823145980714,0
2.2745301929826383,1
2.2749358729925007,0
2.275640030973591,1
2.276046229992062,0
2.2767508879769593,1
2.2771595869853627,0
2.2778664479847066,1
2.2782738879905082,0
2.2789777309808414,1
2.279383725981461,0
2.280090495973127,1
2.2804952499864157,0
2.2811994449875783,1
2.2816090139967855,0
2.2823150429758243,1
2.2827225379878655,0
2.2834279369853903,1
2.2838319499860518,0
2.284593552001752,1
2.2849437699769624,0
2.285648131975904,1
2.2860539050016087,0
2.2867598779848777,1
2.2871690389874857,0
2.2878734569821972,1
2.288280136999674,0
2.2889886279881466,1
2.2893920119968243,0
2.2900972449861,1
2.290502165997168,0
2.2912089899764396,1
2.2916162259934936,0
2.2923226809944026,1
2.2927288609789684,0
2.2934397969802376,1
2.293857698998181,0
2.2945460799965076,1
2.294962444982957,0
2.2958225459733512,1
2.296230392996222,0
2.29694284699508,1
2.297362137993332,0
2.2980506109888665,1
2.2984315139765386,0
2.2991425979998894,1
2.2995495749928523,0
2.30025417698198,1
2.3006610609882046,0
2.3013648859923705,1
2.301771676982753,0
2.302478371973848,1
2.3028867559914943,0
2.3035935259831604,1
2.3039974839775823,0
2.30470227097976,1
2.305109265987994,0
2.305812201986555,1
2.3062183459987864,0
2.3069264669902623,1
2.3073355910019018,0
2.3080420089827385,1
2.3084468559827656,0
2.309151605993975,1
2.309558267996181,0
2.310260981990723,1
2.310666698991554,0
2.3113754309888463,1
2.311781111988239,0
2.312485750997439,1
2.312892412999645,0
2.313595274987165,1
2.3140027329791337,0
2.314707243000157,1
2.3151125899748877,0
2.315817247988889,1
2.3162243729748297,0
2.3169331229873933,1
2.317339378001634,0
2.318043387000216,1
2.3184508639969863,0
2.319158188998699,1
2.3195644059742335,0
2.3202681569964625,1
2.3206736329884734,0
2.3213778289791662,1
2.3217833609960508,0
2.322490555990953,1
2.3228963659785222,0
2.3236005239887163,1
2.324005907983519,0
2.3247097699786536,1
2.3251182089734357,0
2.325820459984243,1
2.3262260849878658,0
2.3269378909899388,1
2.327343070995994,0
2.3280501179979183,1
2.328456224000547,0
2.329160844994476,1
2.3295652479864657,0
2.3302699989872053,1
2.330680474988185,0
2.3315944639907684,1
2.332005977979861,0
2.3327140249894,1
2.3331197969964705,0
2.3338256959978025,1
2.334232005989179,0
2.334940385975642,1
2.335348419001093,0
2.3360546689946204,1
2.336460830993019,0
2.337160747993039,1
2.337545150978258,0
2.3382643459772225,1
2.3386745999741834,0
2.3393813139991835,1
2.3397897169925272,0
2.340494559990475,1
2.3409001479740255,0
2.3416065279743634,1
2.3420165779825766,0
2.342723402980482,1
2.343129749991931,0
2.343839796987595,1
2.34424497699365,0
2.344954617001349,1
2.345359759987332,0
2.3460465669922996,1
2.346471616998315,0
2.3471850529895164,1
2.3475941409997176,0
2.348299261997454,1
2.348703478986863,0
2.349408580979798,1
2.349815742985811,0
2.350518604973331,1
2.350925507984357,0
2.3516340729838703,1
2.35204136397806,0
2.3527505969977938,1
2.353159294987563,0
2.353862397983903,1
2.354270336974878,0
2.354976254981011,1
2.35539026799961,0
2.356091037974693,1
2.356501643982483,0
2.357208986999467,1
2.3576155929767992,0
2.3583213439851534,1
2.3587278199847788,0
2.3594351270003244,1
2.359841139987111,0
2.3605453349882737,1
2.360952200979227,0
2.3616547290002927,1
2.3620601129950956,0
2.362764845980564,1
2.3631727850006428,0
2.3638765169889666,1
2.3642938459815923,0
2.364978744997643,1
2.3656173669733107,0
2.366330801974982,1
2.3667386489978526,0
2.3674465479853097,1
2.3678547839808743,0
2.3685600719763897,1
2.3689635479822755,0
2.369656465976732,1
2.3700668499805033,0
2.3707711189927068,1
2.3711799289740156,0
2.371883956977399,1
2.3722540449816734,0
2.3729391479864717,1
2.3733163839788176,0
2.374026615987532,1
2.37442859300063,0
2.3751410659751855,1
2.375547060975805,0
2.3762509599910118,1
2.3766609729791526,0
2.3773701129830442,1
2.3777804779820144,0
2.3784863959881477,1
2.3788936130004004,0
2.3796002899762243,1
2.3800068959826604,0
2.3807125909952447,1
2.381132122973213,0
2.3818209849996492,1
2.382225498993648,0
2.3829309349821415,1
2.3833385779871605,0
2.38404762497521,1
2.38447178597562,0
2.3851762219856028,1
2.3855847909871954,0
2.3862963569990825,1
2.3867056849994697,0
2.3874146759917494,1
2.387821948999772,0
2.3885333299986087,1
2.388940453995019,0
2.389644889975898,1
2.3900523299816996,0
2.390756839973619,1
2.3911623529857025,0
2.3918692889856175,1
2.392272894998314,0
2.3929769979731645,1
2.393383066984825,0
2.39408976197592,1
2.3944949239958078,0
2.3952007859770674,1
2.3956112249870785,0
2.3963192910014186,1
2.396727749001002,0
2.397471054980997,1
2.397879826981807,0
2.398586670984514,1
2.3989910550008062,0
2.399698767985683,1
2.4001045229961164,0
2.400813346990617,1
2.4012182309816126,0
2.401931907981634,1
2.4023387729830574,0
2.4030349319800735,1
2.403441981994547,0
2.404151713999454,1
2.404558690992417,0
2.4052660710003693,1
2.405675602989504,0
2.4063795389956795,1
2.406785441999091,0
2.4074974699760787,1
2.407905686995946,0
2.408609252976021,1
2.4090180069906637,0
2.409727350983303,1
2.4101344569935463,0
2.4108433179790154,1
2.4112512579886243,0
2.4119587679742835,1
2.412363577983342,0
2.413070290989708,1
2.4134743419999722,0
2.414178073988296,1
2.414584031997947,0
2.4152919679763727,1
2.415697166987229,0
2.416401233000215,1
2.416811560979113,0
2.4175165519991424,1
2.4179222509847023,0
2.4186287059856113,1
2.4190231269749347,0
2.419733839982655,1
2.4201405389758293,0
2.4208476599887945,1
2.4212596919969656,0
2.4220463859965093,1
2.4224553069798276,0
2.423160909995204,1
2.4235772009997163,0
2.424281562998658,1
2.4246877059922554,0
2.4253954569867346,1
2.425805210979888,0
2.4265117769828066,1
2.4269235679821577,0
2.427629633981269,1
2.428037609992316,0
2.428745508979773,1
2.429152559983777,0
2.429856180999195,1
2.43026393497712,0
2.4309845929965377,1
2.4314160689827986,0
2.4321245239989366,1
2.432533721992513,0
2.4332421209837776,1
2.4336504119855817,0
2.4343546819873154,1
2.4347627319802996,0
2.4354700389958452,1
2.4358833669975866,0
2.4366031539975666,1
2.437130314996466,0
2.437828065973008,1
2.4382444489747286,0
2.4389532189816236,1
2.439362787990831,0
2.4400685199943837,1
2.4404749409877695,0
2.4411793210019823,1
2.4415864829788916,0
2.4422908819979057,1
2.442695098987315,0
2.4434026649978478,1
2.44380921497941,0
2.444514132977929,1
2.444916923996061,0
2.445624396990752,1
2.446030521998182,0
2.446743919979781,1
2.447160322975833,0
2.4478746659879107,1
2.448288234998472,0
2.4489945039968006,1
2.449399998993613,0
2.4501076019951142,1
2.4505123929993715,0
2.451224069984164,1
2.451624287001323,0
2.452329778985586,1
2.4527358479972463,0
2.4534405429731123,1
2.453846389980754,0
2.454549584974302,1
2.4549558209837414,0
2.455662663996918,1
2.4560670299979392,0
2.4567730029812083,1
2.457179126999108,0
2.457888525997987,1
2.4582828729762696,0
2.458994624001207,1
2.459404322988121,0
2.460124350996921,1
2.4605164940003306,0
2.461221077974187,1
2.4616267399978824,0
2.4623326389992144,1
2.4627443380013574,0
2.4634527919988614,1
2.46385865699267,0
2.464562315988587,1
2.4649690329970326,0
2.465675172978081,1
2.466080685990164,0
2.466804843978025,1
2.467212542978814,0
2.467921422998188,1
2.468329343973892,0
2.4690336319908965,1
2.469439941982273,0
2.470146395993652,1
2.47055102098966,0
2.4712581599887926,1
2.4716618589882273,0
2.472368757997174,1
2.472789567982545,0
2.4734740409767255,1
2.4738599619886372,0
2.4745710459828842,1
2.4749799489800353,0
2.475687846977962,1
2.47609436098719,0
2.476867499994114,1
2.477222550980514,0
2.477928116975818,1
2.4783394080004655,0
2.4790254549880046,1
2.479431431973353,0
2.4801344229781535,1
2.480544714984717,0
2.481249206000939,1
2.4816603679792024,0
2.4823659519897774,1
2.4827734470018186,0
2.4834834009816404,1
2.48389122998924,0
2.484598313982133,1
2.485007493989542,0
2.4857129299780354,1
2.486120202986058,0
2.4868268049904145,1
2.4872390039963648,0
2.488009382999735,1
2.488415100990096,0
2.4891244989994448,1
2.4895294019952416,0
2.4902377079997677,1
2.4906439439801034,0
2.4913526579912286,1
2.491758985997876,0
2.492467273987131,1
2.49287656499655,0
2.4935810749884695,1
2.4939883849874604,0
2.4946965059789363,1
2.495104741974501,0
2.4958130669838283,1
2.4962232649850193,0
2.4969294049951714,1
2.497337232984137,0
2.4980510390014388,1
2.498460515984334,0
2.499176562996581,1
2.499584427976515,0
2.5002886049915105,1
2.5006944699853193,0
2.5014006839774083,1
2.50180677199387,0
2.502509966987418,1
2.5029162949940655,0
2.503621971991379,1
2.504029078001622,0
2.5047321069869213,1
2.5051396759808995,0
2.505843611987075,1
2.5063340129854623,0
2.5070263749803416,1
2.5074340179853607,0
2.5085962079756428,1
2.5089987029787153,0
2.509700657974463,1
2.5101016529952176,0
2.510811162996106,1
2.5112251579994336,0
2.5119362049736083,1
2.512341921974439,0
2.5130471539741848,1
2.5134530009818263,0
2.514158010977553,1
2.5145643949799705,0
2.515272737975465,1
2.5156835289963055,0
2.5163882249908056,1
2.5167962010018528,0
2.5175039329915307,1
2.5179102619877085,0
2.518614363973029,1
2.5190256189962383,0
2.5197240919806063,1
2.5201290869736113,0
2.520836336974753,1
2.5212408139777835,0
2.5219446569972206,1
2.5223500599968247,0
2.5230214030016214,1
2.5234299729927443,0
2.5241331679862924,1
2.52454103299533,0
2.5252444689976983,1
2.5256511679908726,0
2.52635765899322,1
2.52676648797933,0
2.5274736269784626,1
2.527883362985449,0
2.5285886689962354,1
2.5295264169981238,0
2.5302386859839316,1
2.530653273977805,0
2.531373209989397,1
2.5319352769874968,0
2.5324992149835452,1
2.532910968991928,0
2.533615941996686,1
2.53402226997423,0
2.534726575977402,1
2.5351351269928273,0
2.535841395991156,1
2.5362496879824903,0
2.5369569749746006,1
2.5373637299926486,0
2.5380704429990146,1
2.538476808986161,0
2.5391850039886776,1
2.539590202999534,0
2.5402934159792494,1
2.5406995230005123,0
2.541405013995245,1
2.541809267975623,0
2.542516703979345,1
2.5429219029902015,0
2.543627856997773,1
2.54403429699596,0
2.5447474919783417,1
2.5451455609872937,0
2.545857626973884,1
2.546264713979326,0
2.5469750389747787,1
2.5473839229962323,0
2.5480873589986004,1
2.5484931499813683,0
2.5492056229850277,1
2.54961613699561,0
2.550319331989158,1
2.5507266049971804,0
2.55143541097641,1
2.5518401469744276,0
2.552543785976013,1
2.5529514299996663,0
2.5536768279853277,1
2.554082156973891,0
2.554795740987174,1
2.555209031997947,0
2.5559269489895087,1
2.55635590699967,0
2.5570695089991204,1
2.5574765599740203,0
2.5581869399757124,1
2.5585877869743854,0
2.5592971489822958,1
2.559701922000386,0
2.560406783974031,1
2.560812926996732,0
2.5615163999900687,1
2.5619220989756286,0
2.562628904997837,1
2.5630281219782773,0
2.563730798981851,1
2.5641114979807753,0
2.5648060639796313,1
2.5653603529790416,0
2.5660716779821087,1
2.566490505996626,0
2.5671990719856694,1
2.567606992990477,0
2.568315298995003,1
2.568721719988389,0
2.569430007977644,1
2.5698352249746677,0
2.5705406240012962,1
2.570949025976006,0
2.5716560180007946,1
2.5720615679747425,0
2.572766300989315,1
2.573172350996174,0
2.5738752689794637,1
2.5742434859857894,0
2.5749539409880526,1
2.5753866759769153,0
2.5760984829976223,1
2.57651358898147,0
2.5772228949936107,1
2.5776280379795935,0
2.578333751996979,1
2.578739598975517,0
2.5794466829975136,1
2.5798567890014965,0
2.5805615399731323,1
2.5809696829819586,0
2.5816730079823174,1
2.5820813169993926,0
2.582786049984861,1
2.5831920630007517,0
2.583903794991784,1
2.5843107529799454,0
2.58505035599228,1
2.5854592579999007,0
2.5861674349871464,1
2.58657289299299,0
2.5872845509729814,1
2.587690563988872,0
2.5885612389829475,1
2.588971566990949,0
2.5896770029794425,1
2.5900832949846517,0
2.590787452994846,1
2.591194540000288,0
2.5918996979889926,1
2.5923055819876026,0
2.5930134629888926,1
2.5934228650003206,0
2.5941284489817917,1
2.594543851999333,0
2.595254120999016,1
2.595661615981953,0
2.5964640129823238,1
2.596876378986053,0
2.597580925998045,1
2.5979877169884276,0
2.5987030969990883,1
2.5991236659756396,0
2.5998324169777334,1
2.600241282983916,0
2.6009506809932645,1
2.6013554169912823,0
2.602060871984577,1
2.6024652369960677,0
2.603174820978893,1
2.6035792239999864,0
2.6042842519818805,1
2.60469343198929,0
2.6053704429941718,1
2.60577771498356,0
2.606488798977807,1
2.606894739001291,0
2.607628155994462,1
2.6080380579805933,0
2.608742419979535,1
2.6091477669833694,0
2.6098540730017703,1
2.6102594939875416,0
2.6109670779842418,1
2.611372647981625,0
2.6120904719864484,1
2.612505948985927,0
2.613198865990853,1
2.6143255749775562,0
2.615048787993146,1
2.6154655979771633,0
2.6162113109894563,1
2.6166413619939703,0
2.617391889973078,1
2.6178154579829425,0
2.6185290789871942,1
2.6189372039807495,0
2.619645620987285,1
2.620049819990527,0
2.6207549779792316,1
2.6211638989916537,0
2.621872630988946,1
2.6222824409778696,0
2.622989654977573,1
2.623397427989403,0
2.624104363989318,1
2.6245119879895356,0
2.6252206839853898,1
2.6256459189753514,0
2.626428927993402,1
2.626811775000533,0
2.627511007973226,1
2.6278926329978276,0
2.6286001239786856,1
2.629006285977084,0
2.6297134810010903,1
2.6301615499833133,0
2.630868484993698,1
2.631276498985244,0
2.631981434999034,1
2.6323798559897114,0
2.633086383983027,1
2.633496860973537,0
2.6342042599862907,1
2.634610458975658,0
2.6353150609938893,1
2.6357233339804225,0
2.6364309919881634,1
2.6368402279913425,0
2.6375477929832414,1
2.6379526029923,0
2.638658409996424,1
2.6390288309776224,0
2.639731192990439,1
2.6401375029818155,0
2.640842234977754,1
2.641248303989414,0
2.641953165992163,1
2.642359530989779,0
2.6430344859836623,1
2.6434438699798193,0
2.6441490649885964,1
2.6445561159926,0
2.645266569976229,1
2.6456737319822423,0
2.6463806679821573,1
2.64678494099644,0
2.6474940059997607,1
2.6479012789786793,0
2.648608047980815,1
2.649012561974814,0
2.6497195349948015,1
2.6501278819923755,0
2.65083468798548,1
2.6512529049941804,0
2.6519756189954933,1
2.6525364269909915,0
2.6532807139737997,1
2.65436818197486,0
2.655090450978605,1
2.6564435829932336,0
2.6571690929995384,1
2.657591587980278,0
2.6583048569737002,1
2.6587178519985173,0
2.659418638999341,1
2.6598298569733743,0
2.6605357559747063,1
2.6609406209900044,0
2.6616442980011925,1
2.662049829988973,0
2.662758524995297,1
2.663163204997545,0
2.6638674739806447,1
2.6642726919963025,0
2.664977497974178,1
2.665382900973782,0
2.6660876509849913,1
2.6664937019813806,0
2.6672051009954885,1
2.667612872988684,0
2.6683248829795048,1
2.668707415985409,0
2.6694153329881374,1
2.669822864991147,0
2.670528041984653,1
2.6709346849820577,0
2.6716410649823956,1
2.6720453939924482,0
2.6727503479924053,1
2.6731582139909733,0
2.6738623159762938,1
2.674266533984337,0
2.6749708769784775,1
2.67537790897768,0
2.6760837709880434,1
2.6764898959954735,0
2.6771992939757183,1
2.6776052149944007,0
2.6783132069977,1
2.678721071977634,0
2.6794267489749473,1
2.6798339289962314,0
2.680539086984936,1
2.6809437119809445,0
2.6816492029756773,1
2.682055142999161,0
2.6827593009802513,1
2.6831648699881043,0
2.6838696019840427,1
2.684277672000462,0
2.6849823480006307,1
2.6853877879912034,0
2.686090871982742,1
2.6864991819893476,0
2.6872034319967497,1
2.6876139829983003,0
2.6883202149765566,1
2.688723728992045,0
2.6894346829794813,1
2.689836862991797,0
2.6905403359851334,1
2.690948312985711,0
2.691653489979217,1
2.692058428976452,0
2.692763049999485,1
2.693168526981026,0
2.6938748519751243,1
2.6942775869974867,0
2.694995152996853,1
2.6954085549805313,0
2.6961147869878914,1
2.6965260049910285,0
2.697232439997606,1
2.697637583973119,0
2.698344370990526,1
2.6987488299782854,0
2.6994567469810136,1
2.699867222981993,0
2.700574380985927,1
2.700981135974871,0
2.7016848489874974,1
2.702091714978451,0
2.702796058001695,1
2.703205515979789,0
2.7039103409915697,1
2.7043159659951925,0
2.7050190869776998,1
2.7054265449987724,0
2.7061319809872657,1
2.706537401973037,0
2.7072471149731427,1
2.707654517987976,0
2.708364582998911,1
2.7087760040012654,0
2.7094835139869247,1
2.7098910279746633,0
2.710595001000911,1
2.71100351397763,0
2.71171004298958,1
2.712116222974146,0
2.7128208999929484,1
2.7132263949897606,0
2.713929848978296,1
2.714336121978704,0
2.7150208359817043,1
2.715423904999625,0
2.7161290449730586,1
2.7165331509895623,0
2.717246845975751,1
2.717653988976963,0
2.7183607959887013,1
2.718765716999769,0
2.7194742639840115,1
2.719879702985054,0
2.720585138973547,1
2.720992670976557,0
2.721695476997411,1
2.7221011020010337,0
2.722807426995132,1
2.7232176440011244,0
2.72392109897919,1
2.7243292419880163,0
2.725033380993409,1
2.725438135996228,0
2.726143089996185,1
2.7265507519769017,0
2.727260427986039,1
2.727665274986066,0
2.7283702109998558,1
2.728776076983195,0
2.7294813269982114,1
2.729887951980345,0
2.730591480998555,1
2.730997253995156,0
2.731701874989085,1
2.7321081099798903,0
2.7328129349916708,1
2.7332189489970915,0
2.733924087980995,1
2.734329823986627,0
2.7350237969949376,1
2.735429440974258,0
2.7361350799910724,1
2.7365449639910366,0
2.7372536409820896,1
2.737663153995527,0
2.7383697939803824,1
2.7387767149775755,0
2.7394819280016236,1
2.7398884979775175,0
2.7405936189752538,1
2.741000002977671,0
2.741704715997912,1
2.7421135079930536,0
2.7428212209779304,1
2.743231845990522,0
2.743939503998263,1
2.7443455729808193,0
2.7450558049895335,1
2.745462744991528,0
2.746166421973612,1
2.746668359992327,0
2.747379184991587,1
2.7477884389809333,0
2.748491115984507,1
2.748901461978676,0
2.7496062129794154,1
2.7500133559806272,0
2.7507193479978014,1
2.7511287499801256,0
2.751834370981669,1
2.7522392550017685,0
2.7529436909826472,1
2.753349704988068,0
2.7540584559901617,1
2.7544639879779425,0
2.75517042397405,1
2.7555787149758544,0
2.756283465976594,1
2.756693904986605,0
2.7574041560001206,1
2.7578115209762473,0
2.7585211049881764,1
2.7589259340020362,0
2.75963579499512,1
2.7600389389845077,0
2.7607465039764065,1
2.7611519249912817,0
2.76185689799604,1
2.762261337978998,0
2.7629648849833757,1
2.763372008979786,0
2.764078037987929,1
2.7644824769813567,0
2.765188783989288,1
2.7655955749796703,0
2.7663080109923612,1
2.7667404869862366,0
2.7674489229975734,1
2.767858751001768,0
2.768565445992863,1
2.768972607998876,0
2.7696777480014134,1
2.7700842059857678,0
2.770787437999388,1
2.771193469990976,0
2.7718996469920967,1
2.7723045489983633,0
2.7730091699922923,1
2.7734180169936735,0
2.7741267859819345,1
2.774537966994103,0
2.7752458280010615,1
2.7756527309829835,0
2.7763558519945946,1
2.7767626619897783,0
2.777470523986267,1
2.777878425986273,0
2.7785836949769873,1
2.7789891159918625,0
2.779696885991143,1
2.780102917982731,0
2.7807743909943383,1
2.7811590529745445,0
2.781999671977246,1
2.782407296996098,0
2.783142954984214,1
2.7835487829870544,0
2.7842594039975666,1
2.784661621990381,0
2.785369279998122,1
2.7857772189890966,0
2.786485525983153,1
2.7868917979940306,0
2.787600826995913,1
2.788007173978258,0
2.788714109978173,1
2.789120011992054,0
2.7898256329935975,1
2.7902306279866025,0
2.790934971999377,1
2.7913420779805165,0
2.792047846975038,1
2.7924532309989445,0
2.7931582589808386,1
2.7935651799780317,0
2.794271430990193,1
2.7946825929975603,0
2.7953842699935194,1
2.795791875978466,0
2.7964991999906488,1
2.7969055099820253,0
2.7976134829805233,1
2.7980221639736556,0
2.7987256179912947,1
2.7991321129957214,0
2.7998393639863934,1
2.800247191975359,0
2.800952479999978,1
2.8013574929791503,0
2.8020640219911,1
2.8024673129839357,0
2.8031739159778226,1
2.80358024398447,0
2.8042876799881924,1
2.8050629119970836,0
2.8057872179779224,1
2.806196600984549,0
2.807046961999731,1
2.807459289993858,0
2.808186428999761,1
2.808559442986734,0
2.8092807679786347,1
2.8096996329841204,0
2.810380198992789,1
2.81076304599992,0
2.8114456679904833,1
2.811825032986235,0
2.8125079140008893,1
2.812888093991205,0
2.813604511989979,1
2.81402089598123,0
2.8155717289773747,1
2.815985834982712,0
2.816690584993921,1
2.817100265994668,0
2.817806571983965,1
2.8182124739978462,0
2.818915483978344,1
2.819326701981481,0
2.8201720059732907,1
2.8205817229754757,0
2.8212907889974304,1
2.8216991359950043,0
2.822404849983286,1
2.8228097889805213,0
2.8235163359786384,1
2.823919645976275,0
2.8246267109934706,1
2.825032131979242,0
2.825736901984783,1
2.8261449709825683,0
2.8268513699877076,1
2.8272607349790633,0
2.8279699119739234,1
2.8283801099751145,0
2.8291085829841904,1
2.8295167819887865,0
2.8302227729873266,1
2.8306285459839273,0
2.831335555994883,1
2.8317434399796184,0
2.8324461719894316,1
2.832851907995064,0
2.833559473976493,1
2.8339630429982208,0
2.8346681449911557,1
2.8350763259804808,0
2.8357803729886655,1
2.836184237996349,0
2.836889414989855,1
2.83730053898762,0
2.83800860500196,1
2.8384134889929555,0
2.8391268879931886,1
2.8395329199847765,0
2.840239021985326,1
2.8406451279879548,0
2.841353675001301,1
2.8417604479764123,0
2.842465698980959,1
2.842875786998775,0
2.8435838889854494,1
2.843989568995312,0
2.8446976720006205,1
2.8451022599765565,0
2.8458112139778677,1
2.8462208389828447,0
2.8469275149982423,1
2.8473366209946107,0
2.8480420019768644,1
2.8484479780017864,0
2.8491504330013413,1
2.849555816996144,0
2.8502605679968838,1
2.8506682659790386,0
2.8513726279779803,1
2.851778233976802,0
2.8524857999873348,1
2.8528889619919937,0
2.853593285981333,1
2.8540064109838568,0
2.8547042360005435,1
2.8551124160003383,0
2.855819166987203,1
2.856225994997658,0
2.856934134993935,1
2.8573459629842546,0
2.8580462689860724,1
2.858453394001117,0
2.8591592739976477,1
2.859566380997421,0
2.8602722419891506,1
2.860676385986153,0
2.8613816919969395,1
2.861788316979073,0
2.862491122999927,1
2.8628986179828644,0
2.8636053869850002,1
2.8640121599892154,0
2.8647143179841805,1
2.865121923998231,0
2.8658277119975537,1
2.8662387629738078,0
2.866944068984594,1
2.8673510089865886,0
2.8680586669943295,1
2.8684626429749187,0
2.869168152974453,1
2.8695726669975556,0
2.87027952898643,1
2.870682875975035,0
2.8713894409884233,1
2.871797380998032,0
2.872505649982486,1
2.8729211629834026,0
2.8736332839762326,1
2.874040075985249,0
2.874745103996247,1
2.875152469991008,0
2.8758925159927458,1
2.876342676987406,0
2.877049853996141,1
2.8774594599963166,0
2.8781659889791626,1
2.878571909997845,0
2.8792776789923664,1
2.8796892109967303,0
2.8803937949996907,1
2.880801216000691,0
2.881503577984404,1
2.881911164993653,0
2.8826188419770915,1
2.883025169983739,0
2.883727698994335,1
2.8841358789941296,0
2.88484046299709,1
2.885246088000713,0
2.885953024000628,1
2.8863626859965734,0
2.8870283259893768,1
2.8874368019751273,0
2.888143070973456,1
2.888550325995311,0
2.8892541879904456,1
2.889658885978861,0
2.8903672299929895,1
2.890774909988977,0
2.8914823829836678,1
2.891888025973458,0
2.8926024620013777,1
2.8929990499746054,0
2.8937042449833825,1
2.894108183973003,0
2.894814786995994,1
2.895220485981554,0
2.895929532998707,1
2.896334934979677,0
2.8970458889962174,1
2.8974517549795564,0
2.898160727985669,1
2.898569092998514,0
2.899279862002004,1
2.8996710239734966,0
2.9003752379794605,1
2.9008964719832875,0
2.901624333986547,1
2.9020329029881395,0
2.902739375975216,1
2.9031481299898587,0
2.9038530479883775,1
2.904260560986586,0
2.904968144983286,1
2.9053759739908855,0
2.9060873909911606,1
2.9064946819853503,0
2.907206080999458,1
2.907613594987197,0
2.908317270979751,1
2.9087249149743,0
2.9094358869770076,1
2.9098261049948633,0
2.9105317259964067,1
2.910939868976129,0
2.9116482679964975,1
2.912052521976875,0
2.912758809980005,1
2.913162860990269,0
2.9138698149763513,1
2.9142745699791703,0
2.914978541986784,1
2.9153869259753264,0
2.9160923439776525,1
2.916498819977278,0
2.9172081269789487,1
2.917615047976142,0
2.918319927994162,1
2.9187253860000055,0
2.919433062983444,1
2.9198397239961196,0
2.9205429749854375,1
2.9209510069922544,0
2.9216554619779345,1
2.9220616789825726,0
2.9227641149773262,1
2.9231716840004083,0
2.923878026980674,1
2.924283021973679,0
2.9249869209888857,1
2.9253922869975213,0
2.9261036109819543,1
2.9265114949957933,0
2.927221356978407,1
2.927629073994467,0
2.928332583978772,1
2.928738041984616,0
2.9294475889764726,1
2.929854769987287,0
2.9305625569832046,1
2.9309978669916745,0
2.9317063029739074,1
2.9321148719755,0
2.9328248999954667,1
2.9332230250001885,0
2.933929756982252,1
2.934334992984077,0
2.9350246879912447,1
2.9354314979864284,0
2.936135675001424,1
2.93654026297736,0
2.9372498279844876,1
2.9376579159870744,0
2.938367369992193,1
2.9387758649827447,0
2.9394833569822367,1
2.9398866849951446,0
2.9405926579784136,1
2.940997208992485,0
2.941705347999232,1
2.94211402797373,0
2.9428257609833963,1
2.9432314959994983,0
2.9439366919978056,1
2.944341556984,0
2.9450467150018085,1
2.9454529879731126,0
2.9461567389953416,1
2.9465662709844764,0
2.9472744099912234,1
2.947684164973907,0
2.9483905639790464,1
2.9487987809989136,0
2.9495049940014724,1
2.9499171189963818,0
2.950621832977049,1
2.9510299199901056,0
2.9517326339846477,1
2.952137906977441,0
2.9528438979759812,1
2.9532527449773625,0
2.953957236983115,1
2.9543643799843267,0
2.9550786489853635,1
2.9554800699988846,0
2.9561866729927715,1
2.9565955199941527,0
2.9573050669860095,1
2.957713875977788,0
2.958421256975271,1
2.9588289739913307,0
2.959535613976186,1
2.9599395159748383,0
2.9606443959928583,1
2.9610523729934357,0
2.9617548269743565,1
2.9621623040002305,0
2.962864739994984,1
2.9632736609783024,0
2.9639781519945245,1
2.964382628997555,0
2.965087323973421,1
2.9654947449744213,0
2.966197662986815,1
2.9666042319731787,0
2.9673118899809197,1
2.9677210509835277,0
2.968425042985473,1
2.9688324079907034,0
2.9695374179864302,1
2.9699472840002272,0
2.970651348994579,1
2.9710186229785904,0
2.9717618539871182,1
2.9721726269926876,0
2.9728761369769927,1
2.9732834289898165,0
2.973990012978902,1
2.974400507984683,0
2.9751106839976273,1
2.9755186239781324,0
2.9762227819883265,1
2.9766299249895383,0
2.9773385459848214,1
2.977746077987831,0
2.97844940298819,1
2.9788605279754847,0
2.9795682599942666,1
2.9799748660007026,0
2.9806805799889844,1
2.9810856859839987,0
2.981805972987786,1
2.982214949995978,0
2.9829414779960644,1
2.9835700819967315,0
2.9842814059811644,1
2.9846909009793308,0
2.9853985589870717,1
2.985806220996892,0
2.9865134349965956,1
2.9869190779863857,0
2.9876279949967284,1
2.9880348419828806,0
2.988740185974166,1
2.9891468659916427,0
2.989852227998199,1
2.990261222992558,0
2.9909807699732482,1
2.991390078997938,0
2.9920980710012373,1
2.9924650479806587,0
2.9932079649879597,1
2.993619385990314,0
2.994327339984011,1
2.9947326129768044,0
2.9954406039905734,1
2.9958498959895223,0
2.996557905978989,1
2.996963233978022,0
2.997670354990987,1
2.998074406001251,0
2.9987847119919024,1
2.9991943549830467,0
2.99990003198036,1
3.0003060449962504,0
3.0010112219897565,1
3.0014420869993046,0
3.0021509119833354,1
3.00255644400022,0
3.0032626389875077,1
3.0036686529929284,0
3.0043739779794123,1
3.004777916998137,0
3.005487574992003,1
3.0059200519754086,0
3.0066371349967085,1
3.007034259993816,0
3.0077350109932013,1
3.008140375983203,0
3.008845478994772,1
3.0092527699889615,0
3.009962853975594,1
3.0103695529978722,0
3.011077507981099,1
3.011481779976748,0
3.0121914759802166,1
3.0125990999804344,0
3.013302424980793,1
3.0137087529874407,0
3.014413225988392,1
3.0148194069915917,0
3.015526453993516,1
3.015932651993353,0
3.016638476983644,1
3.017048397974577,0
3.0177589079830796,1
3.0181665509880986,0
3.0188726719934493,1
3.0192789449938573,0
3.019983362988569,1
3.0203951909788884,0
3.0210997379908804,1
3.0214863999863155,0
3.0221939839830156,1
3.0226014419749845,0
3.02332089599804,1
3.0237353169941343,0
3.0244494379730895,1
3.0248561179905664,0
3.02556173899211,1
3.0259686969802715,0
3.0270997949992307,1
3.027524529985385,0
3.0282508919772226,1
3.028621312987525,0
3.029337896994548,1
3.0306241599901114,0
3.0313440579921007,1
3.0317630529752932,0
3.032558765989961,1
3.032985204976285,0
3.0344146139977966,1
3.0348390709841624,0
3.0355140999890864,1
3.0359202809922863,0
3.036636289994931,1
3.0370486739848275,0
3.0377564989903476,1
3.0381633270008024,0
3.0388661709730513,1
3.039434218982933,0
3.0401437289838213,1
3.040549798985012,0
3.0412546229781583,1
3.0416599699819926,0
3.0423657019855455,1
3.042774567991728,0
3.043482151988428,1
3.043893757974729,0
3.0446082309936173,1
3.044995262986049,0
3.0457436239812523,1
3.046155785996234,0
3.0468652219860815,1
3.0472710499889217,0
3.0479780229798052,1
3.048381406988483,0
3.0490860839781817,1
3.0494923379737884,0
3.050199144985527,1
3.0506024359783623,0
3.051307501998963,1
3.0517131259839516,0
3.0524181919754483,1
3.0528239279810805,0
3.0535298259928823,1
3.053935024974635,0
3.0546386649948545,1
3.0550259749870747,0
3.055711614986649,1
3.0560958509740885,0
3.056807675980963,1
3.057217966997996,0
3.057925291999709,1
3.0583318049903028,0
3.0590583519951906,1
3.0594634029839654,0
3.060169375996338,1
3.060574036993785,0
3.0612796579953283,1
3.0616844869800843,0
3.062390107981628,1
3.0627957139804494,0
3.0635019649926107,1
3.063908422976965,0
3.064613673981512,1
3.065019317000406,0
3.065723715990316,1
3.066127988975495,0
3.066834294993896,1
3.067245104990434,0
3.0679509849869646,1
3.068355461989995,0
3.0690607859869488,1
3.069468503992539,0
3.070172346982872,1
3.0705798419949133,0
3.071284056000877,1
3.0716899399994873,0
3.0723935609858017,1
3.0728001300012693,0
3.0735047509951983,1
3.0739108939887956,0
3.074615144985728,1
3.0750585469941143,0
3.0757685199787375,1
3.076174607995199,0
3.0768824689730536,1
3.077307926985668,0
3.078013344987994,1
3.0784210249839816,0
3.0791269420005847,1
3.0795329559769016,0
3.08023609497468,1
3.0806424979818985,0
3.0813473039888777,1
3.0817545949830674,0
3.082458234974183,1
3.082863803982036,0
3.083571443974506,1
3.0839760869857855,0
3.0846831899834797,1
3.0850867589761037,0
3.0857930279744323,1
3.086196744989138,0
3.0869052179914434,1
3.087314584001433,0
3.0880202970001847,1
3.088426680973498,0
3.089130005973857,1
3.0895373899838887,0
3.0902403259824496,1
3.090647339995485,0
3.091353256982984,1
3.0917581409739796,0
3.092465020978125,1
3.092870515974937,0
3.093574173981324,1
3.0939792439749,0
3.0946853649802506,1
3.095093600975815,0
3.095798536000075,1
3.096203142980812,0
3.0969126900017727,1
3.0973194069811143,0
3.098023397993529,1
3.0984315229870845,0
3.099136976990849,1
3.0995423609856516,0
3.100250130984932,1
3.100654551992193,0
3.101360209984705,1
3.10176698298892,0
3.1024711779900827,1
3.1028761909983587,0
3.1035822010017,1
3.103988214978017,0
3.1046931509918068,1
3.105099275999237,0
3.105803766986355,1
3.106209224992199,0
3.1069166979868896,1
3.107331377977971,0
3.1080342769855633,1
3.1084295499895234,0
3.10915154099348,1
3.1095627030008473,0
3.110267138981726,1
3.1106739300012123,0
3.1113876439922024,1
3.111797656980343,0
3.112506907986244,1
3.112910458992701,0
3.113618431991199,1
3.11402255599387,0
3.1147286029881798,1
3.1151365239929873,0
3.1158420899882913,1
3.1162478259939235,0
3.1169508539896924,1
3.1173631819838192,0
3.1180692479829304,1
3.1184800019836985,0
3.119182030990487,1
3.1195849329815246,0
3.120291979983449,1
3.1206952719949186,0
3.121400078001898,1
3.1218069619790185,0
3.122510841989424,1
3.122916077991249,0
3.123621883976739,1
3.1240304539969657,0
3.1247335379885044,1
3.1251395139843225,0
3.125844875990879,1
3.1262523159966804,0
3.126960028981557,1
3.127368042973103,0
3.1280714229797013,1
3.1284775659732986,0
3.129181983997114,1
3.129589219985064,0
3.1302964329952374,1
3.130699724977603,0
3.1314047899795696,1
3.1318110629799776,0
3.1325159059779253,1
3.132918974995846,0
3.1336234109767247,1
3.134030887973495,0
3.1347363609820604,1
3.1351429859932978,0
3.1358486989920493,1
3.136254082986852,0
3.136964444973273,1
3.1373715509835165,0
3.138077023992082,1
3.1384815749770496,0
3.1391884369950276,1
3.139593079977203,0
3.1403002189763356,1
3.1407058259937912,0
3.1414093359780964,1
3.1418151639809366,0
3.142522303998703,1
3.142927390988916,0
3.14363479000167,1
3.1440410999930464,0
3.1447463879885618,1
3.1451532899809536,0
3.1458567079971544,1
3.1462620359961875,0
3.1469718239968643,1
3.147380855982192,0
3.1480871439853217,1
3.148492082982557,0
3.149197444989113,1
3.149602661986137,0
3.150306653988082,1
3.150713666982483,0
3.151419065980008,1
3.1518260979792103,0
3.1525303489761427,1
3.1529386219917797,0
3.1536425389931537,1
3.1540493679931387,0
3.154753951996099,1
3.1551616869983263,0
3.1558672529936302,1
3.156276525987778,0
3.1569801839941647,1
3.157393567991676,0
3.1581003179890104,1
3.158507201995235,0
3.159213822975289,1
3.159621058992343,0
3.1603255689842626,1
3.1607313790009357,0
3.161435147980228,1
3.1618435319978744,0
3.1632400339876767,1
3.1636564179789275,0
3.1643303539894987,1
3.1647217009740416,0
3.165437266987283,1
3.165862946974812,0
3.166577141993912,1
3.1669591190002393,0
3.167656628997065,1
3.168079882976599,0
3.1707260169787332,1
3.1711501230020076,0
3.1718692809809,1
3.172284257976571,0
3.173002544994233,1
3.1734265589911956,0
3.174143660988193,1
3.1745585259923246,0
3.1752746839774773,1
3.1756914199795574,0
3.176501780981198,1
3.1769257569976617,0
3.1776496559905354,1
3.178070836002007,0
3.1788051599869505,1
3.1792291359743103,0
3.1799765350006055,1
3.1803692519897595,0
3.1810890209744684,1
3.1815081459935755,0
3.1822280999913346,1
3.1826429099892266,0
3.1833666599995922,1
3.1837854699988384,0
3.184518850001041,1
3.1849292529805098,0
3.1856563729816116,1
3.186487214989029,0
3.187204446992837,1
3.187625867984025,0
3.1883576370019,1
3.188748909975402,0
3.18946208700072,1
3.189884544000961,0
3.190557406982407,1
3.1909830129879992,0
3.1916898369963747,1
3.192107794980984,0
3.1928082309896126,1
3.1932355589815415,0
3.193940846977057,1
3.1943417500006035,0
3.1950809999834746,1
3.1955061240005307,0
3.1963408179872204,1
3.1967600169882644,0
3.1974709339847323,1
3.197882687993115,0
3.198598716990091,1
3.199010026000906,0
3.1997563139884733,1
3.2002122339908965,0
3.2009352069871966,1
3.201352367992513,0
3.2020645259763114,1
3.202473169978475,0
3.2031900129804853,1
3.2035976749903057,0
3.204268203000538,1
3.204685012984555,0
3.2054482819803525,1
3.2060754589911085,0
3.206763450987637,1
3.207180408993736,0
3.207869492995087,1
3.2082687099755276,0
3.2089981460012496,1
3.2094189929775894,0
3.2101404099958017,1
3.21055564598646,0
3.2114206539990846,1
3.2118178899982013,0
3.2125320109771565,1
3.2131363919761498,0
3.2138474389794283,1
3.2142656929790974,0
3.214981147990329,1
3.2163960749749094,0
3.21714989899192,1
3.2179493339790497,0
3.2187359359813854,1
3.2195647959888447,0
3.2202874539943878,1
3.2207020599744283,0
3.2214268099924084,1
3.221842693979852,0
3.222574129991699,1
3.222982568986481,0
3.223706467979355,1
3.224131684983149,0
3.2248556209960952,1
3.2252859299769625,0
3.2259812739794143,1
3.2264214909810107,0
3.2271393519768026,1
3.2275632539822254,0
3.2282990419771522,1
3.2287148889736272,0
3.2294532870000694,1
3.2298626900010277,0
3.2305738290015142,1
3.2309848429867998,0
3.2316906490013935,1
3.2320960509823635,0
3.232802560989512,1
3.2332087969989516,0
3.2339139739924576,1
3.234319875977235,0
3.235273882979527,1
3.236335055989912,0
3.2370569169870578,1
3.237472300999798,0
3.23823940299917,1
3.2388251739903353,0
3.2395402019901667,1
3.239963344996795,0
3.2406858549802564,1
3.2411810149787925,0
3.241902283974923,1
3.2423125019995496,0
3.243040547997225,1
3.2434593949874397,0
3.2441737379995175,1
3.2445838439743966,0
3.245298242982244,1
3.2457060719898436,0
3.2464255439990666,1
3.2468486499856226,0
3.2475569199887104,1
3.2479639329831116,0
3.2487128129869234,1
3.24912378899171,0
3.2498314479889814,1
3.2502425169805065,0
3.2509467490017414,1
3.2513558359933086,0
3.252077716984786,1
3.2525032489793375,0
3.253258109994931,1
3.2536668079847004,0
3.2543704109848477,1
3.254775572975632,0
3.255482452979777,1
3.2558905959886033,0
3.2565986619738396,1
3.257006156985881,0
3.257709778001299,1
3.2581163839786313,0
3.258825541997794,1
3.259230851981556,0
3.2599631769990083,1
3.260375022975495,0
3.2610795149812475,1
3.2614861769834533,0
3.262191260990221,1
3.262598645000253,0
3.2633062839740887,1
3.2637130939983763,0
3.264417992992094,1
3.2648249509802554,0
3.2655318129982334,1
3.2659396230010316,0
3.266647372976877,1
3.267025905981427,0
3.267735322995577,1
3.2681410959921777,0
3.2688513839966618,1
3.269257989973994,0
3.2699654629977886,1
3.270371031976538,0
3.2710809119744226,1
3.2714873149816412,0
3.2721908619860187,1
3.272600115975365,0
3.2733051819959655,1
3.273716842988506,0
3.2744232789846137,1
3.274832514987793,0
3.2755383769981563,1
3.2759492979967035,0
3.2767078259785194,1
3.2771230429934803,0
3.2778302379883826,1
3.2782354919763748,0
3.278953371976968,1
3.27944023697637,0
3.280149172991514,1
3.2805593719822355,0
3.2812635479785968,1
3.2816734139923938,0
3.2823793679999653,1
3.2827862149861176,0
3.283495668991236,1
3.2839058119861875,0
3.2846133959828876,1
3.285024724988034,0
3.2857303639757447,1
3.286135247995844,0
3.2870437369856518,1
3.2874529179825913,0
3.2881630759802647,1
3.2885719039768446,0
3.289279043994611,1
3.2896870939875953,0
3.290391622984316,1
3.29079861799255,0
3.2915060169762,1
3.2919104559987318,0
3.2926170399878174,1
3.2930208689940628,0
3.293725989991799,1
3.2941313369956333,0
3.294840623973869,1
3.2952488049922977,0
3.2959529439976905,1
3.29637997597456,0
3.297086929989746,1
3.2974924439913593,0
3.2981986579834484,1
3.298604819981847,0
3.2993138659803662,1
3.2997238239913713,0
3.3004301489854697,1
3.3008423110004514,0
3.3015480619797017,1
3.30195403797552,0
3.3026608809886966,1
3.303021006984636,0
3.3037265169841703,1
3.304132289980771,0
3.3048369109747,1
3.305243257986149,0
3.305948305001948,1
3.3063529659993947,0
3.3070299399842042,1
3.307436620001681,0
3.3081424449919723,1
3.308548050990794,0
3.3092531159927603,1
3.309659592981916,0
3.310362861986505,1
3.310770912998123,0
3.3114765149948653,1
3.3118830289749894,0
3.3125892429961823,1
3.312995440996019,0
3.313725469983183,1
3.3141331869992428,0
3.3148490489984397,1
3.3152556360000744,0
3.315960943000391,1
3.316368474974297,0
3.317072484991513,1
3.3174783319991548,0
3.318182249000529,1
3.3185892249748576,0
3.319295475987019,1
3.3197005080000963,0
3.3204074440000113,1
3.3208154210005887,0
3.321522930986248,1
3.3219306289975066,0
3.3226081210013945,1
3.3230384119960945,0
3.323746106994804,1
3.324158435978461,0
3.324866871989798,1
3.3252743109769654,0
3.3259818399965297,1
3.326390056987293,0
3.3270997520012315,1
3.327505191991804,0
3.3282111829903442,1
3.3286165109893773,0
3.329324761987664,1
3.3297295899828896,0
3.3304355629952624,1
3.3308427989832126,0
3.3315469569934066,1
3.331953970977338,0
3.3326585739851,1
3.3330644389789086,0
3.333769429998938,1
3.334174425981473,0
3.334881121001672,1
3.3352886159846094,0
3.335993995977333,1
3.3364030279917642,0
3.3371088709973264,1
3.33771938298014,0
3.338429206982255,1
3.3388396649970673,0
3.3395448599767406,1
3.339952836977318,0
3.3418114069791045,1
3.3422567159868777,0
3.3429673929931596,1
3.3433993509970605,0
3.344112378981663,1
3.344580798991956,0
3.345300919987494,1
3.345694433985045,0
3.3464151849912014,1
3.3470321399800014,0
3.3477588719979394,1
3.3481479969923384,0
3.348855858988827,1
3.3492979829898104,0
3.3500090849993285,1
3.350418580987025,0
3.3511370529886335,1
3.3516498059907462,0
3.3523569829994813,1
3.352765458985232,0
3.3534700619929936,1
3.3538755389745347,0
3.3545845490007196,1
3.35498670997913,0
3.3556937569810543,1
3.3561010669800453,0
3.356809243996395,1
3.3572175539738964,0
3.357927248987835,1
3.3583336329902522,0
3.3590311609732453,1
3.359437192993937,0
3.3601425739761908,1
3.3605511609930545,0
3.3612639310013037,1
3.361678296001628,0
3.3623842129891273,1
3.3627896899997722,0
3.3634994409803767,1
3.3639053249789868,0
3.364609833981376,1
3.3650143109844066,0
3.3657222839829046,1
3.3661288899893407,0
3.3668543069798034,1
3.3672656729759183,0
3.3679588489758316,1
3.368365066999104,0
3.3690801139746327,1
3.369482534995768,0
3.370191711001098,1
3.3705987249850295,0
3.3713049569923896,1
3.3717130449949764,0
3.3724163139995653,1
3.3728223649959546,0
3.3735274489736184,1
3.373932332993718,0
3.3746377129864413,1
3.37502400498488,0
3.3757328659994528,1
3.376138009974966,0
3.3768497229903005,1
3.37725712597603,0
3.3779623949958477,1
3.3783672789868433,0
3.3792591379897203,1
3.3796703739790246,0
3.38037932899897,1
3.380786397989141,0
3.3814911849913187,1
3.381896680977661,0
3.3826057459809817,1
3.383027907984797,0
3.3837366579973605,1
3.384143838979071,0
3.3848526449874043,1
3.3852581579994876,0
3.385971982992487,1
3.3863847739994526,0
3.387096931983251,1
3.387504297978012,0
3.388217307976447,1
3.388627246982651,0
3.389335386978928,1
3.38974252998014,0
3.390449983999133,1
3.390853275981499,0
3.3915633779834025,1
3.3919714289950207,0
3.392674882983556,1
3.393084507988533,0
3.3937888509826735,1
3.3941931239969563,0
3.3948989489872474,1
3.3953062589862384,0
3.3960109719773754,1
3.396415467985207,0
3.39712573698489,1
3.397532101982506,0
3.398242056980962,1
3.3986507179797627,0
3.399358246999327,1
3.3997650379897095,0
3.4004760480020195,1
3.400881264999043,0
3.4015933119808324,1
3.4020010299864225,0
3.4027095019991975,1
3.4031159229925834,0
3.4038251739984844,1
3.404233743000077,0
3.404936752980575,1
3.4053429889900144,0
3.4062994399864692,1
3.4067167319881264,0
3.407442537980387,1
3.4078601809742395,0
3.4085511719749775,1
3.409129738982301,0
3.4098462859983556,1
3.410267799976282,0
3.4109836609859485,1
3.4113991189806256,0
3.412105999974301,1
3.4125129019957967,0
3.4134165209834464,1
3.4138241829932667,0
3.414530803973321,1
3.414937575988006,0
3.415648326976225,1
3.416056469985051,0
3.4167647019785363,1
3.4171702899911907,0
3.417877003987087,1
3.4184137010015547,0
3.419125284999609,1
3.4195345579937566,0
3.4202478639781475,1
3.4206571179965977,0
3.421374035999179,1
3.4218051599746104,0
3.4225261510000564,1
3.4229369050008245,0
3.4237402110011317,1
3.424163816991495,0
3.4248853079916444,1
3.4252939319994766,0
3.4259989239799324,1
3.4264241969794966,0
3.427131020987872,1
3.4275397390010767,0
3.428244415001245,1
3.4286482989846263,0
3.4293554199975915,1
3.429758692975156,0
3.4304637589957565,1
3.430868956987979,0
3.4315783380006906,1
3.4319830739987083,0
3.432689675973961,1
3.4330944679968525,0
3.4337979959964287,1
3.4342039359908085,0
3.4349099089740776,1
3.4353176439763047,0
3.4360235249914695,1
3.4364438529883046,0
3.437147954973625,1
3.43755391400191,0
3.4382611269829795,1
3.4386649369844235,0
3.4393716139893513,1
3.4397788869973738,0
3.440488230000483,1
3.4408942250011023,0
3.4416001979843713,1
3.442006525991019,0
3.4427107209921815,1
3.443117901973892,0
3.4438237819995265,1
3.444227776984917,0
3.4449338979902677,1
3.445339300989872,0
3.4460471810016315,1
3.4464570279815234,0
3.447165630001109,1
3.447571643977426,0
3.448276449984405,1
3.448681574984221,0
3.4493855289765634,1
3.4497934870014433,0
3.4504959599871654,1
3.45090284399339,0
3.451611761993263,1
3.452018441981636,0
3.4527241189789493,1
3.4531290769809857,0
3.453833252977347,1
3.4542394149757456,0
3.4549454059742857,1
3.455352734978078,0
3.4560556520009413,1
3.456475387996761,0
3.457172434980748,1
3.457577911991393,0
3.458281735976925,1
3.4586901389993727,0
3.459396222984651,1
3.4598020699922927,0
3.4605068209930323,1
3.460913963994244,0
3.461621213995386,1
3.4620281729730777,0
3.462734978995286,1
3.4631408259738237,0
3.4638468170014676,1
3.46425384900067,0
3.4649587479943875,1
3.4653626319777686,0
3.4660664379771333,1
3.466475395980524,0
3.467185387999052,1
3.4675918459834065,0
3.468296503997408,1
3.4687007399916183,0
3.4694054719875567,1
3.4698106339783408,0
3.470517050998751,1
3.4709204719983973,0
3.471630259999074,1
3.472037235973403,0
3.472742671991,1
3.4731506489915773,0
3.47385595497326,1
3.474260171991773,0
3.4749657009961084,1
3.4753766219946556,0
3.4761298910016194,1
3.476540773990564,0
3.4772466919966973,1
3.4776522789907176,0
3.478357381973183,1
3.478788394975709,0
3.479501960973721,1
3.479911918984726,0
3.4806180949963164,1
3.481024330976652,0
3.481733508000616,1
3.482142594992183,0
3.482847049977863,1
3.483257229992887,0
3.4839603509753942,1
3.484366438991856,0
3.4850756149971858,1
3.485507035977207,0
3.4862136199953966,1
3.486622059979709,0
3.4873217179847416,1
3.487704731989652,0
3.488396222994197,1
3.488797217985848,0
3.489506542973686,1
3.489915611979086,0
3.4906247699982487,1
3.4910402099776547,0
3.491747497988399,1
3.4921546219848096,0
3.492861816979712,1
3.4932687569817062,0
3.4939746929740068,1
3.4943830400006846,0
3.495089123985963,1
3.495494692993816,0
3.496198591979919,1
3.496603845997015,0
3.497312614985276,1
3.4977196659892797,0
3.4984264349914156,1
3.498831929988228,0
3.4995393109857105,1
3.4999462129781023,0
3.5006536669970956,1
3.501060440001311,0
3.5017702089971863,1
3.502176390000386,0
3.502885306981625,1
3.503293338988442,0
3.5040013309917413,1
3.50440560298739,0
3.505111316975672,1
3.50551642299979,0
3.506239543989068,1
3.506652038980974,0
3.5073547899955884,1
3.507930652995128,0
3.5086474409908988,1
3.5090654169907793,0
3.509783167974092,1
3.510192236979492,0
3.5108992279856466,1
3.51131511197309,0
3.5120288069883827,1
3.5124387839750852,0
3.5131433679780457,1
3.5135478629963472,0
3.5142577619990334,1
3.5146634789998643,0
3.5153712299943436,1
3.5157772989769,0
3.51648966097855,1
3.5168957299902104,0
3.517607257992495,1
3.518016012996668,0
3.5187224299879745,1
3.5191290179791395,0
3.519834415987134,1
3.520241392980097,0
3.520944587973645,1
3.5213512310001533,0
3.5220568149816245,1
3.522463439992862,0
3.5231697829731274,1
3.5235743709781673,0
3.5242805289744865,1
3.5246844129869714,0
3.5253886449791025,1
3.5257948259823024,0
3.5265037619974464,1
3.5269122569879983,0
3.5276176179759204,1
3.5280234279925935,0
3.528727678989526,1
3.529134988988517,0
3.5298384059860837,1
3.530244789988501,0
3.530949077976402,1
3.5313615549821407,0
3.5320683979953174,1
3.5324736519833095,0
3.533177995996084,1
3.53358571298304,0
3.53429040798801,1
3.5346961809846107,0
3.5354018939833622,1
3.535808074986562,0
3.5365162509842776,1
3.53692169097485,0
3.5376266639796086,1
3.5380327699822374,0
3.5387382989865728,1
3.5391455339849927,0
3.5398521179740783,1
3.5402634469792247,0
3.5409699750016443,1
3.541375877975952,0
3.542080424987944,1
3.5424871599825565,0
3.5431932819774374,1
3.543601146986475,0
3.5443070639739744,1
3.544710744987242,0
3.545417143992381,1
3.545823656982975,0
3.5465322969830595,1
3.546939735999331,0
3.5476455419848207,1
3.548088055977132,0
3.5487557699962053,1
3.5491615799837746,0
3.5498663669859525,1
3.5502723440004047,0
3.5509825389890466,1
3.551392033987213,0
3.5521012479730416,1
3.552506538981106,0
3.5532129560015164,1
3.553623580985004,0
3.5543219429964665,1
3.5547289940004703,0
3.5554368179873563,1
3.555840499000624,0
3.556551100977231,1
3.5569582999742124,0
3.5576832729857415,1
3.558693296974525,0
3.559409269975731,1
3.559834431973286,0
3.560551015980309,1
3.560957251000218,0
3.5616680949751753,1
3.5622427359921858,0
3.562951671978226,1
3.5633607039926574,0
3.5640667879779357,1
3.564472356985789,0
3.5651760889741126,1
3.5655847689777147,0
3.5663196870009415,1
3.566730773978634,0
3.5674392279761378,1
3.567845056997612,0
3.5685510849871207,1
3.5689558209851384,0
3.5696667390002403,1
3.570071399997687,0
3.5707763729733415,1
3.57118596098735,0
3.5718909519782756,1
3.572296150989132,0
3.573002049990464,1
3.573405859991908,0
3.5741138699813746,1
3.574522568989778,0
3.5752309119852725,1
3.575641202973202,0
3.5763484170020092,1
3.5767563929839525,0
3.577462254994316,1
3.5778708059806377,0
3.5785784449835774,1
3.57898884799215,0
3.57969807999325,1
3.580125907988986,0
3.5808122890011873,1
3.5812207279959694,0
3.5819255159876775,1
3.582331436977256,0
3.583020835998468,1
3.5834273129876237,0
3.584134581993567,1
3.5845415770018008,0
3.585248382994905,1
3.5856567669834476,0
3.5863618509902153,1
3.586770105001051,0
3.5874795409908984,1
3.587883480999153,0
3.588590490981005,1
3.5889960779750254,0
3.5897002369747497,1
3.59010495399707,0
3.5908100009837653,1
3.5912197179859504,0
3.5919274869957007,1
3.592334907996701,0
3.593044288980309,1
3.5934518209833186,0
3.5941548489790875,1
3.594561140984297,0
3.5952680759946816,1
3.595672311988892,0
3.5963816930016037,1
3.596788316994207,0
3.597492531000171,1
3.5978983779787086,0
3.5986175909929443,1
3.5990225119749084,0
3.599718818994006,1
3.6001244809885975,0
3.600828508991981,1
3.601236059999792,0
3.601939958985895,1
3.602346027997555,0
3.6030252049968112,1
3.6034307739755604,0
3.604135616973508,1
3.6045417049899697,0
3.605245399987325,1
3.60565222799778,0
3.6063446089974605,1
3.6067547889833804,0
3.6074641319864895,1
3.6078716269985307,0
3.6085786189942155,1
3.6089845949900337,0
3.609691956982715,1
3.610095044976333,0
3.6107992959732655,1
3.611216160992626,0
3.6119240970001556,1
3.612331591983093,0
3.61303684298764,1
3.6134470039978623,0
3.6141550509782974,1
3.6145616569847334,0
3.6152693159820046,1
3.6156747919740155,0
3.616401097999187,1
3.6168069079867564,0
3.61751382498187,1
3.617920153978048,0
3.618623737973394,1
3.619019399979152,0
3.6197262989880983,1
3.6201322939887177,0
3.6208357669820543,1
3.62124377998407,0
3.6219505310000386,1
3.622353951999685,0
3.6230279250012245,1
3.623439345974475,0
3.624142911983654,1
3.624552869994659,0
3.6252600279985927,1
3.625664948980557,0
3.6263716249959543,1
3.6267799719935283,0
3.6274872419890016,1
3.6278941629861947,0
3.628599857998779,1
3.629004148999229,0
3.6297112889878917,1
3.6301201729802415,0
3.6308225719840266,1
3.631234306987608,0
3.6319395389873534,1
3.6323265159735456,0
3.63303539698245,1
3.6334620399866253,0
3.63417167897569,1
3.6345794889784884,0
3.6352896099851932,1
3.635701789986342,0
3.6364040589833166,1
3.6368130359915085,0
3.6375208239769563,1
3.6379260599787813,0
3.638631291978527,1
3.6390308609989006,0
3.639734814991243,1
3.6401431809936184,0
3.6408453389885835,1
3.6412511119851843,0
3.6419568069977686,1
3.6423634869861417,0
3.64306986797601,1
3.643476176977856,0
3.644180779985618,1
3.6445847009890713,0
3.6452950629754923,1
3.645702687994344,0
3.6464070309884846,1
3.6468177849892527,0
3.6475240729923826,1
3.647931585990591,0
3.648636058991542,1
3.6490416469750926,0
3.6497470639878884,1
3.6501526520005427,0
3.650856420979835,1
3.651265638996847,0
3.6519701489887666,1
3.652375976991607,0
3.653082338976674,1
3.6534893709758762,0
3.6541949919774197,1
3.6545986909768544,0
3.655312144983327,1
3.655714121996425,0
3.6564174839877523,1
3.6568255899765063,0
3.6575368399790023,1
3.6579443349910434,0
3.658648678974714,1
3.6590216369950213,0
3.6597254619991872,1
3.660130327974912,0
3.6608373560011387,1
3.6612411289825104,0
3.661948842986021,1
3.662357041001087,0
3.6630328289757017,1
3.6634409729740582,0
3.664145352988271,1
3.6645511809911113,0
3.665257987973746,1
3.6656657419807743,0
3.6663725479738787,1
3.6667832099774387,0
3.667493682994973,1
3.6679012149979826,0
3.6686074099852704,1
3.6690438309742603,0
3.66975195199484,1
3.6701595389749855,0
3.670867141976487,1
3.6712746919947676,0
3.671981424995465,1
3.672386585996719,0
3.6730891699844506,1
3.673500831995625,0
3.6742118049878627,1
3.6746271519805305,0
3.675339790992439,1
3.6758385819848627,0
3.6765489989775233,1
3.6769595309742726,0
3.6776634299894795,1
3.678074368974194,0
3.678782749979291,1
3.679190299997572,0
3.679895735986065,1
3.6803716929862276,0
3.681079313973896,1
3.681485808978323,0
3.68219130099169,1
3.682599425985245,0
3.683303823985625,1
3.68371065298561,0
3.684414717979962,1
3.684821490984177,0
3.6855252419773024,1
3.685932292981306,0
3.6866388029884547,1
3.687029075983446,0
3.687733862985624,1
3.6881391179922502,0
3.688845256983768,1
3.6892483819974586,0
3.689954613975715,1
3.6903589429857675,0
3.6910232119844295,1
3.691434299980756,0
3.692137883976102,1
3.6925444719963707,0
3.6932504629949108,1
3.6936568659730256,0
3.694363356975373,1
3.6947695369890425,0
3.6954766399867367,1
3.6958817089907825,0
3.6965889779967256,1
3.6970749169995543,0
3.697787426994182,1
3.6981939589895774,0
3.6988998019951396,1
3.69930833397666,0
3.7000218809989747,1
3.7004293949867133,0
3.701137681986438,1
3.7015415109926835,0
3.7022488359943964,1
3.7026515159814153,0
3.703363451990299,1
3.7037693909951486,0
3.7044794199755415,1
3.7048878409841564,0
3.705594053986715,1
3.7060138089873362,0
3.706720021989895,1
3.707131072995253,0
3.7078376009885687,1
3.7082449109875597,0
3.7089488839847036,1
3.709357971994905,0
3.710063555976376,1
3.710473753977567,0
3.71118126399233,1
3.711587129975669,0
3.71229184398544,1
3.712697875977028,0
3.713418533996446,1
3.713831657980336,0
3.714541167981224,1
3.7149483669782057,0
3.7156602289760485,1
3.716105722996872,0
3.72395940599381,1
3.724366789974738,0
3.725074762973236,1
3.725485035974998,0
3.726192452973919,1
3.726632891979534,0
3.7273592169804033,1
3.7277823599870317,0
3.72852094299742,1
3.7289461229811423,0
3.729698187991744,1
3.730145163979614,0
3.7308761549938936,1
3.7313231869775336,0
3.732100436987821,1
3.732594319997588,0
3.7333188479824457,1
3.7337335839984007,0
3.7344435939739924,1
3.7348507179995067,0
3.735561431996757,1
3.7361173139943276,0
3.7368254909815732,1
3.7372321149741765,0
3.737939106998965,1
3.7383439719851594,0
3.739103518979391,1
3.739513235981576,0
3.74021744998754,1
3.741044383990811,0
3.741756097995676,1
3.7421638699888717,0
3.742877435986884,1
3.743295189982746,0
3.7439976449823007,1
3.7444090839999262,0
3.745130334980786,1
3.7455501439981163,0
3.7462654869887047,1
3.7467317409755196,0
3.7474457689968403,1
3.747852245985996,0
3.7485586449911352,1
3.748964176978916,0
3.7496708349790424,1
3.750074607989518,0
3.750782024988439,1
3.751189742994029,0
3.7518952709797304,1
3.7523000619839877,0
3.753007720981259,1
3.7534173269814346,0
3.7541202629799955,1
3.754526738979621,0
3.7552340639813337,1
3.755639799986966,0
3.75634849499329,1
3.756753822992323,0
3.7574610549781937,1
3.757865346997278,0
3.758570226986194,1
3.758976184995845,0
3.759684953984106,1
3.760090764000779,0
3.760794162983075,1
3.761201268993318,0
3.761905464984011,1
3.762311440979829,0
3.7630219329730608,1
3.763427038997179,0
3.7641322150011547,1
3.764537006994942,0
3.7652415719931014,1
3.765646955987904,0
3.7663462439959403,1
3.766754405980464,0
3.767460081988247,1
3.767871984979138,0
3.768575364985736,1
3.7689828049915377,0
3.769686906976858,1
3.770093494997127,0
3.770797560981009,1
3.771204536984442,0
3.7719348989776336,1
3.772342893993482,0
3.773046069982229,1
3.77345356499427,0
3.7741622049943544,1
3.7745699409861118,0
3.7752775799890514,1
3.77568350097863,0
3.7764075299783144,1
3.7768161359999795,0
3.7775252939900383,1
3.777931529999478,0
3.778639613999985,1
3.7790383309766185,0
3.7797424889868125,1
3.780149446974974,0
3.7808535499789286,1
3.781261136988178,0
3.7819662029796746,1
3.7823705869959667,0
3.783077781990869,1
3.7834860179864336,0
3.7841935829783324,1
3.7846005969913676,0
3.7853081809880678,1
3.785715101985261,0
3.7864399079990108,1
3.78684731098474,0
3.787553282978479,1
3.7879603159963153,0
3.7886627510015387,1
3.7890695429814514,0
3.7897754599980544,1
3.790181139978813,0
3.7908844649791718,1
3.791294515976915,0
3.792003784998087,1
3.792409872985445,0
3.7931159749859944,1
3.7935216189944185,0
3.7942294989770744,1
3.7946366789983585,0
3.795345021993853,1
3.795750553981634,0
3.796472582995193,1
3.796880688983947,0
3.7975861429877114,1
3.7979963979742024,0
3.7987042219901923,1
3.799116846988909,0
3.799819560983451,1
3.8002256299951114,0
3.800932361977175,1
3.801337856973987,0
3.802043051982764,1
3.8024477699946146,0
3.8031527609855402,1
3.8035588119819295,0
3.8043072290020064,1
3.8047146309982054,0
3.805422899982659,1
3.80583069199929,0
3.8065432389848866,1
3.806951955979457,0
3.80765792899183,1
3.8080645529844332,0
3.8087698969757184,1
3.8091749289887957,0
3.809880049986532,1
3.810286414984148,0
3.8109918699774425,1
3.811396364995744,0
3.812101522984449,1
3.812508443981642,0
3.8132138609944377,1
3.8136186159972567,0
3.8143230699934065,1
3.814731620979728,0
3.8154402789950836,1
3.815850977989612,0
3.8165761169802863,1
3.8169805749785155,0
3.8176869000017177,1
3.818093523994321,0
3.8187967379926704,1
3.819204732979415,0
3.8199114469753113,1
3.820317089994205,0
3.8210241929918993,1
3.821431076998124,0
3.8221372719854116,1
3.8225463409908116,0
3.8232557579758577,1
3.823663826973643,0
3.824367559980601,1
3.8247741099912673,0
3.8254801759903785,1
3.8258842819777783,0
3.8265942549915053,1
3.827000119985314,0
3.827709037985187,1
3.8281180699996185,0
3.828829449979821,1
3.829241075000027,0
3.8299478619883303,1
3.830356505000964,0
3.83104175599874,1
3.831447565986309,0
3.8321530209796038,1
3.8325564789993223,0
3.8332618220010772,1
3.8336684469832107,0
3.834374271973502,1
3.8347791739797685,0
3.8354859619867057,1
3.8358913639967795,0
3.8365987629804295,1
3.8370075169950724,0
3.8377111019799486,1
3.838119170977734,0
3.8388256619800813,1
3.8392361019796226,0
3.8399457409977913,1
3.8403478099789936,0
3.8410596909816377,1
3.844124801980797,0
3.8448379779874813,1
3.8452484919980634,0
3.845962982974015,1
3.846390773978783,0
3.8470991909853183,1
3.8475057979812846,0
3.8482155109813903,1
3.8486220429767855,0
3.849327609001193,1
3.849735547992168,0
3.8504399099911097,1
3.8508456829877105,0
3.8515564339759294,1
3.8519649659865536,0
3.8535432429926004,1
3.8540857920015696,0
3.8548160049831495,1
3.8552367409865838,0
3.855984953988809,1
3.856478799978504,0
3.857333159976406,1
3.85779215497314,0
3.8585294599761255,1
3.8589441219810396,0
3.85965777997626,1
3.8600716079818085,0
3.8608154139947146,1
3.861241501988843,0
3.861956807988463,1
3.8623702469922137,0
3.8630853679787833,1
3.863500159000978,0
3.864209261984797,1
3.8646241089736577,0
3.8653351739922073,1
3.8657506509916857,0
3.8667462499870453,1
3.867165670992108,0
3.8678798289911356,1
3.868287897988921,0
3.8690651659853756,1
3.8694801239762455,0
3.8708894769952167,1
3.8713037129782606,0
3.8720224449934904,1
3.872437383979559,0
3.873152116982965,1
3.873573908000253,0
3.8742879549972713,1
3.8746974499954376,0
3.8754317559942137,1
3.875829990982311,0
3.876547963998746,1
3.8769643109990284,0
3.8776777279854286,1
3.878101574984612,0
3.8788102149846964,1
3.879225023993058,0
3.879938089987263,1
3.880348251987016,0
3.881051594973542,1
3.8816095139773097,0
3.8823174129938707,1
3.882723314978648,0
3.8834309359954204,1
3.883838690991979,0
3.8845427929772995,1
3.88495199198951,0
3.885663779976312,1
3.886078292998718,0
3.886910523986444,1
3.8873618700017687,0
3.8880881579825655,1
3.8885013189865276,0
3.889223180973204,1
3.889635286992416,0
3.8903530379757285,1
3.8908381239743903,0
3.891602392977802,1
3.892012109979987,0
3.892720952979289,1
3.893126670998754,0
3.8938301439920906,1
3.8942360089858994,0
3.894942889979575,1
3.895351328974357,0
3.896073338983115,1
3.896487630001502,0
3.8972005659888964,1
3.8976083019806538,0
3.8983193669992033,1
3.898725454986561,0
3.8994410570012406,1
3.899847774999216,0
3.9005598959920462,1
3.9009691499813925,0
3.9016772710019723,1
3.9020853029796854,0
3.9027959239901975,1
3.9032069189997856,0
3.9039168729796074,1
3.904330313001992,0
3.905043377977563,1
3.9054531329893507,0
3.906166234984994,1
3.906578896974679,0
3.9072941839986015,1
3.907706549973227,0
3.908424892986659,1
3.908834776986623,0
3.909547860996099,1
3.910028243990382,0
3.910746087000007,1
3.9111578969750553,0
3.912816820986336,1
3.9132340749783907,0
3.91394023297471,1
3.9143483209772967,0
3.9150343679939397,1
3.9154357519873884,0
3.9161422249744646,1
3.9165528869780246,0
3.9172622119949665,1
3.9176718359813094,0
3.918379365000874,1
3.918786026973976,0
3.919495943991933,1
3.9199024199915584,0
3.920606466999743,1
3.9210152219748124,0
3.921719286998268,1
3.9221253559808247,0
3.922831217991188,1
3.9232384729839396,0
3.9239423709805124,1
3.924364736973075,0
3.925071357982233,1
3.9254779269977007,0
3.926186010998208,1
3.926594894990558,0
3.927303459990071,1
3.927711547992658,0
3.9284205209987704,1
3.9288270339893643,0
3.929586988000665,1
3.93001050199382,0
3.9307196229929104,1
3.9311286359734368,0
3.9318375349976122,1
3.9322443259879947,0
3.932949521986302,1
3.933353423984954,0
3.934058489976451,1
3.9344643369840924,0
3.935174271988217,1
3.9355802299978677,0
3.9362830919853877,1
3.9366956609883346,0
3.9374022079864517,1
3.937806110974634,0
3.9385110839793924,1
3.9389168380002957,0
3.939628032996552,1
3.940027509990614,0
3.9407324829953723,1
3.9411394959897734,0
3.941844246990513,1
3.9422506499977317,0
3.942954733996885,1
3.9433611919812392,0
3.9440659979882184,1
3.944476529984968,0
3.9451831879850943,1
3.9455992939765565,0
3.946382061985787,1
3.9483927599794697,0
3.949111695983447,1
3.94952315397677,0
3.9502372009737883,1
3.950650251994375,0
3.9513613909948617,1
3.9550824939797167,0
3.955808207974769,1
3.956219831976341,0
3.9569421009800863,1
3.9573599110008217,0
3.958068457985064,1
3.9584768599888775,0
3.959185666986741,1
3.959590901999036,0
3.9602971719868947,1
3.9607027039746754,0
3.9614087879890576,1
3.9618148939916864,0
3.9625182559830137,1
3.9629232689912897,0
3.963630390993785,1
3.9640353669819888,0
3.964737543981755,1
3.9651456309948117,0
3.9659698989999015,1
3.966390097979456,0
3.967099255998619,1
3.9675057319982443,0
3.9682118539931253,1
3.968615477991989,0
3.9693203769857064,1
3.969725501985522,0
3.970432381989667,1
3.9708364699909,0
3.971545034990413,1
3.971949529979611,0
3.972655854973709,1
3.973060905991588,0
3.9737666009750683,1
3.974170484987553,0
3.974876624997705,1
3.9752825089963153,0
3.9759904809761792,1
3.9764119949832093,0
3.977117948990781,1
3.977524406975135,0
3.979043240979081,1
3.9794636619917583,0
3.9801765789743513,1
3.9805848889809567,0
3.9812961209972855,1
3.981708968000021,0
3.9823848299856763,1
3.9827923809934873,0
3.9842608259932604,1
3.984649116988294,0
3.9853546459926292,1
3.985761603980791,0
3.9864721880003344,1
3.9868818869872484,0
3.987589600001229,1
3.9879953729978297,0
3.9887006049975753,1
3.989108618989121,0
3.989815776993055,1
3.990224697976373,0
3.990931799984537,1
3.991339980973862,0
3.9920461569854524,1
3.9924530969874468,0
3.993161402991973,1
3.99356784299016,0
3.99505671299994,1
3.9954758009989746,0
3.9962009959854186,1
3.996624212973984,0
3.997344148985576,1
3.997754254989559,0
3.9984660419868305,1
3.998879611986922,0
3.999588954990031,1
3.99999487597961,0
4.000701255979948,1
4.00111023298814,0
4.001933185994858,1
4.002347976987949,0
4.003031820000615,1
4.003436296974542,0
4.004143028985709,1
4.004562079993775,0
4.005259589990601,1
4.005713787977584,0
4.006431982998038,1
4.006840625981567,0
4.007548580993898,1
4.00796026099124,0
4.0102418629976455,1
4.010653727978934,0
4.011370218999218,1
4.011783991998527,0
4.01249739099876,1
4.013146641984349,0
4.013866133987904,1
4.014289165992523,0
4.015046878979774,1
4.01546226197388,0
4.016189290996408,1
4.016605488985078,0
4.01733609198709,1
4.017756882996764,0
4.018473466974683,1
4.01888449897524,0
4.019596322992584,1
4.020007355982671,0
4.020729698997457,1
4.021143285994185,0
4.021969146997435,1
4.022382696974091,0
4.0230970029952005,1
4.023568052973133,0
4.024276969983475,1
4.024684890988283,0
4.0253914009954315,1
4.0257993409759365,0
4.026508813985856,1
4.0269256419851445,0
4.027656095975544,1
4.028080146992579,0
4.028796341997804,1
4.029204150981968,0
4.02991188399028,1
4.030318841978442,0
4.031040054978803,1
4.031443512998521,0
4.0321478199912235,1
4.032556332997046,0
4.033260786993196,1
4.033666967996396,0
4.034378514974378,1
4.034789157973137,0
4.035507019987563,1
4.035966531984741,0
4.036707523977384,1
4.037139462976484,0
4.037867453997023,1
4.038298948988086,0
4.039166382979602,1
4.039508082001703,0
4.0402714619995095,1
4.04071041897987,0
4.041491076990496,1
4.04191940499004,0
4.042642617976526,1
4.043048242980149,0
4.043774715973996,1
4.044186487997649,0
4.044895849976456,1
4.04533651197562,0
4.046043280977756,1
4.046451701986371,0
4.047162970993668,1
4.047567298985086,0
4.048273086984409,1
4.048684081993997,0
4.049416128982557,1
4.0498219759901986,0
4.0505345779820345,1
4.050949572992977,0
4.05276110698469,1
4.053170508996118,0
4.0538750189880375,1
4.054280365991872,0
4.054989857977489,1
4.0553969819738995,0
4.056114380975487,1
4.056536356976721,0
4.057247441000072,1
4.057704250997631,0
4.058417111984454,1
4.058842476981226,0
4.059548820980126,1
4.06005198098137,0
4.0607733619981445,1
4.061185689992271,0
4.061900884989882,1
4.0623222129943315,0
4.063055203994736,1
4.063466698979028,0
4.0641735429817345,1
4.064672369975597,0
4.065402527980041,1
4.065818966977531,0
4.066537476988742,1
4.066948489984497,0
4.067660999979125,1
4.068072254973231,0
4.068780893983785,1
4.069188259978546,0
4.069902139977785,1
4.07035343098687,0
4.071049125981517,1
4.071461916988483,0
4.073742277978454,1
4.074137365998467,0
4.07485087600071,1
4.075261852995027,0
4.07597195499693,1
4.076403579994803,0
4.077111940976465,1
4.077578416996403,0
4.078286778996699,1
4.0786920889804605,0
4.079399264999665,1
4.079807593981968,0
4.080515010980889,1
4.080924839974614,0
4.08163025698741,1
4.0820353999733925,0
4.082746150990715,1
4.083360161981545,0
4.084098578983685,1
4.0845837949891575,0
4.086270403990056,1
4.086687084985897,0
4.087401371973101,1
4.087810829980299,0
4.088519284996437,1
4.088929593999637,0
4.089637844997924,1
4.090046024997719,0
4.090750645991648,1
4.09116202997393,0
4.091866762988502,1
4.092272757989122,0
4.0929808969958685,1
4.093386521999491,0
4.094094605999999,1
4.094500174978748,0
4.095203406992368,1
4.095609753974713,0
4.096316245995695,1
4.096740536973812,0
4.09744869498536,1
4.097889670985751,0
4.098598198994296,1
4.0990080459741876,0
4.099714296986349,1
4.100122884992743,0
4.100828486989485,1
4.101234778994694,0
4.101940121996449,1
4.102346931991633,0
4.103112422977574,1
4.103523028985364,0
4.104227149975486,1
4.104632645001402,0
4.1053371359885205,1
4.105744945991319,0
4.106453122978564,1
4.106862654996803,0
4.1075732199824415,1
4.107979474996682,0
4.108683687984012,1
4.109091238991823,0
4.1097981380007695,1
4.110206206998555,0
4.110915068973554,1
4.11132191598881,0
4.112028165982338,1
4.112436772993533,0
4.113143226975808,1
4.11355238899705,0
4.114261286973488,1
4.114669319998939,0
4.115377903974149,1
4.115784101973986,0
4.116503722994821,1
4.116909051983384,0
4.117620172997704,1
4.118038574990351,0
4.119044451974332,1
4.119459001987707,0
4.120167363988003,1
4.120573303982383,0
4.121279627986951,1
4.121685011981754,0
4.122390281991102,1
4.1227958139788825,0
4.123503249982605,1
4.123910170979798,0
4.124618994974298,1
4.1250258419895545,0
4.125768778001657,1
4.126178401988,0
4.12688457898912,1
4.1272930369887035,0
4.128000842989422,1
4.128404800983844,0
4.129109440982575,1
4.129515250999248,0
4.130219852988375,1
4.130626181984553,0
4.1313330059929285,1
4.1317427049798425,0
4.132450548990164,1
4.132857172982767,0
4.1335633309790865,1
4.133971548988484,0
4.1346770959789865,1
4.135089016985148,0
4.135794600995723,1
4.136200632987311,0
4.136909586988622,1
4.137316563981585,0
4.138021924998611,1
4.138428364996798,0
4.139135466975858,1
4.1395400739857,0
4.140244731999701,1
4.140650874993298,0
4.141356606996851,1
4.141761712991865,0
4.142467593977926,1
4.142872366996016,0
4.14357774698874,1
4.1439837609941605,0
4.144689770997502,1
4.145096913998714,0
4.145803663996048,1
4.1462105109822005,0
4.146919335995335,1
4.147326534992317,0
4.148033581994241,1
4.148438595992047,0
4.149146067997208,1
4.149550970993005,0
4.150255888001993,1
4.1506605689937714,0
4.1513683009834494,1
4.151772554992931,0
4.152477897994686,1
4.152885115996469,0
4.153589847992407,1
4.153996138978982,0
4.1546980569837615,1
4.155107069993392,0
4.1558123949798755,1
4.156217946001561,0
4.156926455994835,1
4.157331857975805,0
4.158038089983165,1
4.158444270986365,0
4.159150872990722,1
4.159556293976493,0
4.160266007995233,1
4.160671798978001,0
4.161377012991579,1
4.161782155977562,0
4.16248901799554,1
4.162892919994192,0
4.163600503990892,1
4.164005961996736,0
4.164709397999104,1
4.165114596980857,0
4.165821476985002,1
4.166226823988836,0
4.16693427899736,1
4.167362884996692,0
4.168049838976003,1
4.168456093990244,0
4.169159140990814,1
4.169564468989847,0
4.170269256981555,1
4.170676251989789,0
4.171381836000364,1
4.171789423999144,0
4.1724925079906825,1
4.172898687975248,0
4.173604271985823,1
4.174010155984433,0
4.17471362897777,1
4.175122049986385,0
4.175825096986955,1
4.176233202975709,0
4.176940712990472,1
4.177348874974996,0
4.1780526069924235,1
4.178460675990209,0
4.179165000998182,1
4.1795709029829595,0
4.180277209990891,1
4.180683852988295,0
4.1813879369874485,1
4.181797894998454,0
4.182497663976392,1
4.182904269982828,0
4.183609150990378,1
4.184015312988777,0
4.1847210449923296,1
4.1851268359750975,0
4.18583267898066,1
4.186250414990354,0
4.186955628974829,1
4.187363698001718,0
4.188070837000851,1
4.188474572991254,0
4.1891814720002,1
4.189585744985379,0
4.1902902739821,1
4.190701490995707,0
4.191409111983376,1
4.191816254984587,0
4.192520986980526,1
4.192927222989965,0
4.193635103001725,1
4.19404193200171,0
4.194753349001985,1
4.195152047992451,0
4.195858909981325,1
4.196280570991803,0
4.196985265996773,1
4.197390835994156,0
4.198095752974041,1
4.198501637001755,0
4.199206368997693,1
4.199612548982259,0
4.200318096001865,1
4.200725757982582,0
4.201429304986959,1
4.2018363189999945,0
4.202541050995933,1
4.202945304976311,0
4.203650944982655,1
4.2040585139766335,0
4.204764579975745,1
4.205170203989837,0
4.205874139996013,1
4.206294282979798,0
4.20699877498555,1
4.207409065973479,0
4.208112686988898,1
4.2085185530013405,0
4.209223229001509,1
4.209620094974525,0
4.21032738298527,1
4.210734784981469,0
4.211438961996464,1
4.211844882986043,0
4.212551799981156,1
4.212957702984568,0
4.213662323978497,1
4.21406600397313,0
4.214770644000964,1
4.215176341996994,0
4.215883814991685,1
4.216287532995921,0
4.216995986993425,1
4.217404759983765,0
4.218108602974098,1
4.218517171975691,0
4.219223181979032,1
4.219629269995494,0
4.220332242985023,1
4.220739459997276,0
4.221444636990782,1
4.221850779984379,0
4.2225536789919715,1
4.2229593959928025,0
4.223666295001749,1
4.224071456992533,0
4.224777373980032,1
4.225181368994527,0
4.2258866939810105,1
4.226294003980001,0
4.226999346981756,1
4.2274098609923385,0
4.228114981990075,1
4.22851973597426,0
4.229223838978214,1
4.2296302229806315,0
4.230335584987188,1
4.230741616978776,0
4.2314473489823285,1
4.231857121980283,0
4.23255789099494,1
4.232962255977327,0
4.233665951993316,1
4.234072669001762,0
4.23477721598465,1
4.235183691984275,0
4.235888664989034,1
4.23629845699179,0
4.237005688977661,1
4.237414535979042,0
4.238118137989659,1
4.238523744978011,0
4.239434140996309,1
4.239845192001667,0
4.2405504240014125,1
4.24095786298858,0
4.2416620399744716,1
4.242070441978285,0
4.242776840983424,1
4.243188077001832,0
4.243896493979264,1
4.244301988976076,0
4.245011072984198,1
4.245416475983802,0
4.246128040977055,1
4.246561998996185,0
4.247243712976342,1
4.247649429977173,0
4.248358550976263,1
4.248765860975254,0
4.249471907998668,1
4.249879939976381,0
4.250586857990129,1
4.250990185973933,0
4.251697177998722,1
4.252103394974256,0
4.252809737983625,1
4.253216510987841,0
4.253923501993995,1
4.254327793983975,0
4.2550373779959045,1
4.255444520997116,0
4.256153400987387,1
4.256561969988979,0
4.257273053983226,1
4.25767991997418,0
4.258388281974476,1
4.258794294990366,0
4.259503452980425,1
4.2599138189980295,0
4.260619143984513,1
4.261026619991753,0
4.2617330189968925,1
4.26213940299931,0
4.262843838980189,1
4.2632526669767685,0
4.263956584996777,1
4.264363171998411,0
4.265068126987899,1
4.26547360297991,0
4.26618118697661,1
4.2665897559782024,0
4.267297099984717,1
4.267703557998175,0
4.268415622995235,1
4.268822432990419,0
4.269527905998984,1
4.269932696974138,0
4.270638799993321,1
4.271031313983258,0
4.2717294349859,1
4.272135225997772,0
4.2728418839978985,1
4.27324589798809,0
4.27395212999545,1
4.274357809976209,0
4.275021561974427,1
4.275425259984331,0
4.276128103985684,1
4.2765382649959065,0
4.277244737982983,1
4.277651288983179,0
4.278356317983707,1
4.278760997985955,0
4.27946958199027,1
4.279875705979066,0
4.280579067999497,1
4.2809863229922485,0
4.281690869975137,1
4.282096846000059,0
4.282802448986331,1
4.2832086849957705,0
4.283914768981049,1
4.284319653001148,0
4.285024421988055,1
4.2854321579798125,0
4.286136685987003,1
4.286535440973239,0
4.287240394973196,1
4.287647408986231,0
4.288354085001629,1
4.288757746980991,0
4.289462830987759,1
4.2898699559737,0
4.290572798985522,1
4.290980219986523,0
4.291684914991492,1
4.292091909999726,0
4.292796160996659,1
4.2932019339932594,0
4.293906980979955,1
4.294312827987596,0
4.2950239299971145,1
4.295429332996719,0
4.296134749980411,1
4.296543281991035,0
4.297249532974092,1
4.297655546979513,0
4.298361944995122,1
4.2987656999903265,0
4.2994708019832615,1
4.299882316001458,0
4.300582677999046,1
4.30098919098964,0
4.301692663982976,1
4.302099251974141,0
4.302803391998168,1
4.303212145983707,0
4.303915859985864,1
4.304322520998539,0
4.305027030990459,1
4.30543269298505,0
4.306136981002055,1
4.306545697996626,0
4.307252059981693,1
4.307659461977892,0
4.308363231975818,1
4.308767855982296,0
4.309474754991243,1
4.309880416985834,0
4.310584370978177,1
4.310991699981969,0
4.3116975059965625,1
4.312103611999191,0
4.3128079189918935,1
4.313212709996151,0
4.313919034990249,1
4.314324029983254,0
4.31502974400064,1
4.315424497995991,0
4.316128137987107,1
4.31653665099293,0
4.317243586992845,1
4.317649303993676,0
4.318354110990185,1
4.3187585689884145,0
4.319464892992983,1
4.319871813990176,0
4.320576749974862,1
4.3209819679905195,0
4.321686625975417,1
4.322091083973646,0
4.32279688998824,1
4.323205755994422,0
4.3239113579911646,1
4.3243166679749265,0
4.325021511001978,1
4.325426005991176,0
4.326132775982842,1
4.326539399975445,0
4.327245817985386,1
4.327652886975557,0
4.3283575819805264,1
4.328763521974906,0
4.3294670499744825,1
4.329872581991367,0
4.3305792219762225,1
4.3309842349844985,0
4.331690041988622,1
4.332097110978793,0
4.332802435994381,1
4.333208393974928,0
4.333911440975498,1
4.334317564993398,0
4.33502198298811,1
4.335429551982088,0
4.33613404299831,1
4.336519445991144,0
4.337224418995902,1
4.337631283997325,0
4.3383348499774,1
4.3387421969964635,0
4.33944696598337,1
4.339851812983397,0
4.340563285979442,1
4.3409682249766774,0
4.3416767719900236,1
4.342083804978756,0
4.342792110983282,1
4.343197716982104,0
4.343904596986249,1
4.344311425986234,0
4.345016954001039,1
4.345425096980762,0
4.346128606994171,1
4.346552916977089,0
4.347259870992275,1
4.347664606990293,0
4.348368042992661,1
4.348774408979807,0
4.349478714982979,1
4.349885339994216,0
4.3505909239756875,1
4.350995047978358,0
4.351703168998938,1
4.352108386985492,0
4.352812174998689,1
4.353217798983678,0
4.353921993984841,1
4.354329100984614,0
4.355020036979113,1
4.355425272980938,0
4.356130096974084,1
4.356538128980901,0
4.357247898995411,1
4.357640560978325,0
4.35835240400047,1
4.358761139999842,0
4.359466945985332,1
4.359874941001181,0
4.360577802988701,1
4.360983408987522,0
4.361687973985681,1
4.36209713597782,0
4.3628024049976375,1
4.363213288976112,0
4.363920539995888,1
4.364325441973051,0
4.365030100976583,1
4.365437484986614,0
4.366142605984351,1
4.366549803991802,0
4.367258387996117,1
4.367668123973999,0
4.368387392984005,1
4.368798776995391,0
4.369507805997273,1
4.369913522998104,0
4.370617921988014,1
4.371028064982966,0
4.371732685976895,1
4.372140088991728,0
4.372846023994498,1
4.373251407989301,0
4.373954584996682,1
4.374361209978815,0
4.375031738978578,1
4.375489806989208,0
4.376198668993311,1
4.376608405000297,0
4.377316284982953,1
4.377722484001424,0
4.378428030991927,1
4.37883189599961,0
4.379536720982287,1
4.379943474981701,0
4.3806483739754185,1
4.38105316599831,0
4.381760213000234,1
4.382163022994064,0
4.3828732919937465,1
4.386514006997459,0
4.387227757979417,1
4.387643289985135,0
4.38836826197803,1
4.388787571981084,0
4.38951261897455,1
4.389925613999367,0
4.390652363974368,1
4.391051710990723,0
4.391775461990619,1
4.392190326994751,0
4.392911540984642,1
4.393327201978536,0
4.394047378998948,1
4.394465261982987,0
4.395192919997498,1
4.395599101000698,0
4.396314295998309,1
4.3967309199797455,0
4.39744433699525,1
4.397853276983369,0
4.398563175986055,1
4.398997021984542,0
4.399709142977372,1
4.400119119993178,0
4.4008289449848235,1
4.401236642996082,0
4.401946060999762,1
4.402353296987712,0
4.403036880976288,1
4.403447634977056,0
4.404157996992581,1
4.404566306999186,0
4.405275353987236,1
4.40568518199143,0
4.406404413981363,1
4.406806538987439,0
4.4075229189766105,1
4.407938561984338,0
4.408652275975328,1
4.409065325977281,0
4.4098530569754075,1
4.410262737976154,0
4.41105252399575,1
4.411476889974438,0
4.412196935998509,1
4.41260848697857,0
4.413322829990648,1
4.413837082975078,0
4.415058105980279,1
4.415475636982592,0
4.416208739974536,1
4.416627974977018,0
4.417345041001681,1
4.417754831985803,0
4.418470767996041,1
4.418889965978451,0
4.419607309973799,1
4.420018156990409,0
4.42072816597647,1
4.421136420976836,0
4.4218446709855925,1
4.422253277996788,0
4.422967491002055,1
4.423381542001152,0
4.424151531973621,1
4.4245667129871435,0
4.425285684992559,1
4.4256575139879715,0
4.426371376001043,1
4.426785092975479,0
4.427497732976917,1
4.427908893994754,0
4.428630070993677,1
4.429043083975557,0
4.429756334982812,1
4.430169273982756,0
4.4309128759778105,1
4.431319611991057,0
4.4320849729992915,1
4.432496615976561,0
4.433208496979205,1
4.4336243249999825,0
4.435062214994105,1
4.435504894994665,0
4.436216552974656,1
4.4366565289965365,0
4.437374371977057,1
4.437786588998279,0
4.438492339977529,1
4.438899038999807,0
4.439620677992934,1
4.440032894985052,0
4.440748923982028,1
4.441158140980406,0
4.441869335976662,1
4.442273812979693,0
4.4429832119785715,1
4.443404835998081,0
4.444116161001148,1
4.444528673979221,0
4.445237702981103,1
4.4456543829874136,0
4.483932603994617,1
4.484284840989858,0
4.4850047579966486,1
4.485405771993101,0
4.486249743000371,1
4.4866618489904795,0
4.487368506990606,1
4.487773372995434,0
4.488480920001166,1
4.48888554397854,0
4.489590387995122,1
4.489996900985716,0
4.490704743977403,1
4.49111277697375,0
4.491822915995726,1
4.49223102198448,0
4.4929386059811804,1
4.493346063973149,0
4.4940493519825395,1
4.494456605985761,0
4.495164430991281,1
4.495571759995073,0
4.496280898980331,1
4.496690504980506,0
4.497393607976846,1
4.497850249987096,0
4.498564185982104,1
4.498972273984691,0
4.499678227992263,1
4.500083537976025,0
4.50078752997797,1
4.501193505973788,0
4.501897941983771,1
4.502303733985173,0
4.503070408973144,1
4.503479774983134,0
4.504184858989902,1
4.504592316981871,0
4.505296307994286,1
4.505704191979021,0
4.506412590999389,1
4.506820622977102,0
4.5075283919868525,1
4.507936461974168,0
4.508647896989714,1
4.509057428978849,0
4.509762809990207,1
4.510171471978538,0
4.510874888976105,1
4.51128619897645,0
4.5119900979916565,1
4.512400221981807,0
4.5131082509760745,1
4.513521652988857,0
4.514227348001441,1
4.5146318989864085,0
4.51533950198791,1
4.515744866977911,0
4.516457672987599,1
4.51686792698456,0
4.517581159976544,1
4.517988840001635,0
4.518694367987337,1
4.519102973979898,0
4.519809613993857,1
4.52021505398443,0
4.520919896982377,1
4.521322947985027,0
4.522029068990378,1
4.522433359990828,0
4.523139222001191,1
4.523545495001599,0
4.524250504997326,1
4.524656647990923,0
4.525367138994625,1
4.525823818985373,0
4.526532477000728,1
4.526943027973175,0
4.527649555995595,1
4.528055087983375,0
4.528761134977685,1
4.529166777996579,0
4.529874380998081,1
4.530280060978839,0
4.530987441976322,1
4.531394880992593,0
4.532099686999572,1
4.532504681992577,0
4.533210247987881,1
4.53361481698812,0
4.534320141974604,1
4.534727154998109,0
4.5354310359980445,1
4.535838308976963,0
4.536544873990351,1
4.536951424990548,0
4.537661304988433,1
4.538068503985414,0
4.538776365981903,1
4.539188194001326,0
4.539893129986012,1
4.540300902997842,0
4.541004745988175,1
4.541409685974941,0
4.54211473299074,1
4.542521338997176,0
4.543230033974396,1
4.543634824978653,0
4.544340002001263,1
4.54474625599687,0
4.545451339974534,1
4.545950056985021,0
4.546663510991493,1
4.547078060975764,0
4.547750534984516,1
4.548158195975702,0
4.548864946991671,1
4.549272071977612,0
4.549980192998191,1
4.550386668997817,0
4.551098364987411,1
4.551503322989447,0
4.552212907001376,1
4.5526213650009595,0
4.553327262983657,1
4.553732813976239,0
4.554437749990029,1
4.554848818981554,0
4.555551976984134,1
4.555959694989724,0
4.556666370976018,1
4.557074828975601,0
4.557780449977145,1
4.558184852998238,0
4.55888921499718,1
4.559296894993167,0
4.560003941995092,1
4.56041286297841,0
4.56111939100083,1
4.561563792987727,0
4.562281302991323,1
4.562690056976862,0
4.5633737899770495,1
4.563760821998585,0
4.5645624049939215,1
4.564975899993442,0
4.565683205990354,1
4.5660898679925594,0
4.566797488980228,1
4.56722150198766,0
4.5679319569899235,1
4.568339840974659,0
4.569045628973981,1
4.569453104981221,0
4.570168225996895,1
4.570577184000285,0
4.571284990001004,1
4.571691151999403,0
4.5723963099881075,1
4.572800601978088,0
4.5735056859848555,1
4.573911939980462,0
4.574618208978791,1
4.575030722975498,0
4.575740046973806,1
4.576144208986079,0
4.576852496975334,1
4.577261009981157,0
4.577965816977667,1
4.57837273797486,0
4.579078284994466,1
4.579485260997899,0
4.580191715998808,1
4.580600007000612,0
4.58130749798147,1
4.581715067994082,0
4.58241818897659,1
4.5828261470014695,0
4.583532489981735,1
4.583936466980958,0
4.584642439993331,1
4.58504689799156,0
4.585752425977262,1
4.58615858797566,0
4.586866875994019,1
4.587274352001259,0
4.587979306990746,1
4.588386578980135,0
4.589092014997732,1
4.589496492000762,0
4.590200334991096,1
4.590606477984693,0
4.591333820979344,1
4.591742408985738,0
4.592449029994896,1
4.592855395982042,0
4.593562997994013,1
4.593968214991037,0
4.594671613973333,1
4.59508142399136,0
4.5957896009786054,1
4.596195576974424,0
4.596903808997013,1
4.597311915975297,0
4.598016221978469,1
4.598424846975831,0
4.599131689989008,1
4.599536591995275,0
4.600244805973489,1
4.600653856992722,0
4.601359403983224,1
4.601766342995688,0
4.602472426980967,1
4.602877921977779,0
4.603587024990702,1
4.603990204981528,0
4.604753343999619,1
4.6051639129873365,0
4.605842978984583,1
4.606249084987212,0
4.606957964977482,1
4.607368089986267,0
4.608076358999824,1
4.608482910000021,0
4.609193808981217,1
4.609600358991884,0
4.610307628987357,1
4.610714530979749,0
4.61142237400054,1
4.611829128989484,0
4.6125358610006515,1
4.612943799991626,0
4.613651772990124,1
4.614060415973654,0
4.6147665189928375,1
4.615176088002045,0
4.615882579993922,1
4.616290518984897,0
4.616997565986821,1
4.617406023986405,0
4.618114051991142,1
4.618516380985966,0
4.619223316985881,1
4.6196282009768765,0
4.620337747997837,1
4.620800926990341,0
4.621508159994846,1
4.621912376984255,0
4.6226168499852065,1
4.623027325986186,0
4.623732576990733,1
4.625181392999366,0
4.625897828984307,1
4.626500246988144,0
4.627279274980538,1
4.627664714993443,0
4.628372927982127,1
4.628780793980695,0
4.62948589597363,1
4.629897872975562,0
4.630603178986348,1
4.631008469994413,0
4.63173199899029,1
4.632138530985685,0
4.6328462259843946,1
4.63325588798034,0
4.633974211988971,1
4.6343847809766885,0
4.6351006609911565,1
4.635509026993532,0
4.636215740989428,1
4.636625938990619,0
4.637334078986896,1
4.637741906975862,0
4.638451120990794,1
4.638858930993592,0
4.639567699981853,1
4.6399756759929005,0
4.64068029797636,1
4.641086773975985,0
4.641791339992778,1
4.642197352979565,0
4.64289999299217,1
4.643309431994567,0
4.644017330982024,1
4.64442393698846,0
4.6451310029951856,1
4.645539145974908,0
4.646243951981887,1
4.646653484000126,0
4.647361864976119,1
4.647767729999032,0
4.648472850996768,1
4.648880253982497,0
4.649583929975051,1
4.649993387982249,0
4.650700434984174,1
4.651108244986972,0
4.651817032980034,1
4.652223786979448,0
4.6529368159826845,1
4.653343976999167,0
4.654048709984636,1
4.654457037977409,0
4.655164214986144,1
4.655573247000575,0
4.656280830997275,1
4.656689954979811,0
4.65739770597429,1
4.65780418299255,0
4.658512580994284,1
4.658941927977139,0
4.6596502529864665,1
4.66005571099231,0
4.6607603509910405,1
4.661170159990434,0
4.6618769299821,1
4.662282295001205,0
4.662992860976374,1
4.663397503987653,0
4.664112105994718,1
4.664524619991425,0
4.6652111479779705,1
4.665594458987471,0
4.6662800979975145,1
4.6667023159970995,0
4.667420991987456,1
4.667800080002053,0
4.668515737983398,1
4.668900899996515,0
4.669622298999457,1
4.6700078129942995,0
4.670708396995906,1
4.671116650977638,0
4.6735191219777334,1
4.673904061986832,0
4.67464140499942,1
4.675039695983287,0
4.675767205975717,1
4.676154404995032,0
4.676867581001716,1
4.6772986319847405,0
4.678028640977573,1
4.678441654978087,0
4.679158812999958,1
4.679683046997525,0
4.680422148987418,1
4.68084332899889,0
4.682704917999217,1
4.683125468000071,0
4.683865144994343,1
4.684315786988009,0
4.685040518990718,1
4.685458976979135,0
4.686179245996755,1
4.686615093,0
4.687331398978131,1
4.687742560985498,0
4.688454607996391,1
4.6888636209769174,0
4.689578593999613,1
4.689984940981958,0
4.690700598992407,1
4.691113297973061,0
4.691836288984632,1
4.692253746994538,0
4.692961385997478,1
4.693368603999261,0
4.694075261999387,1
4.694481200975133,0
4.6951942299783695,1
4.695603094995022,0
4.6963234009745065,1
4.696729617979145,0
4.697438738978235,1
4.697852085984778,0
4.698555651993956,1
4.698963553993963,0
4.6996746939839795,1
4.700083151983563,0
4.700788253976498,1
4.701194119988941,0
4.701900073996512,1
4.702306309976848,0
4.70304422697518,1
4.703456944000209,0
4.704162861977238,1
4.704568727000151,0
4.705282866983907,1
4.705690620990936,0
4.706477277999511,1
4.7068884579930454,0
4.707627596973907,1
4.708034629991744,0
4.708741657988867,1
4.709149208996678,0
4.709859940980095,1
4.710265546978917,0
4.710971149994293,1
4.71137875597924,0
4.712085154984379,1
4.712503408984048,0
4.713195418997202,1
4.713600320974365,0
4.7143065909913275,1
4.714711437991355,0
4.715418039995711,1
4.715825979976216,0
4.716534359991783,1
4.716944780986523,0
4.717652401974192,1
4.718059692997485,0
4.718770424980903,1
4.719179882988101,0
4.71988604197395,1
4.720291425997857,0
4.720997361000627,1
4.721407818986336,0
4.722186514001805,1
4.722594360995572,0
4.7232997409882955,1
4.723707087978255,0
4.724410708993673,1
4.724816870992072,0
4.725522454973543,1
4.725927208986832,0
4.726636329985922,1
4.7270198069745675,0
4.7277289839985315,1
4.728134237986524,0
4.728844543977175,1
4.729249094991246,0
4.732438444974832,1
4.73285432899138,0
4.733532154001296,1
4.73390011198353,0
4.7345998079981655,1
4.7349963579908945,0
4.735720386990579,1
4.736108307988616,0
4.736819021985866,1
4.737231201987015,0
4.737951914983569,1
4.738345798978116,0
4.739035865000915,1
4.739554895990295,0
4.740262960986001,1
4.740671418985585,0
4.741378502978478,1
4.741787349979859,0
4.742501155997161,1
4.742916502989829,0
4.743639864987927,1
4.744055100978585,0
4.744764072995167,1
4.745175604999531,0
4.745885707990965,1
4.746294443990337,0
4.747005860990612,1
4.747416651982348,0
4.748125532991253,1
4.748532527999487,0
4.7492418339825235,1
4.7496491439815145,0
4.750364079984138,1
4.75077300099656,0
4.751487454981543,1
4.751918319991091,0
4.752631477982504,1
4.753041639982257,0
4.753751926997211,1
4.7541576819785405,0
4.75486580299912,1
4.755275593983242,0
4.7559847889933735,1
4.75639458099613,0
4.757104591000825,1
4.7575140859989915,0
4.75822016998427,1
4.758626590977656,0
4.7593381560000125,1
4.759742244001245,0
4.76045317997341,1
4.760861655988265,0
4.761570091999602,1
4.7619905499741435,0
4.762696596997557,1
4.763105721998727,0
4.763816380000208,1
4.764223059988581,0
4.764933439990273,1
4.765339953999501,0
4.766059277986642,1
4.766466458997456,0
4.7671779679949395,1
4.767590629984625,0
4.768312157975743,1
4.768724764988292,0
4.769430199987255,1
4.769837195985019,0
4.770551001973217,1
4.770958755980246,0
4.77167358098086,1
4.772313331981422,0
4.773042711982271,1
4.773462854995159,0
4.774221512983786,1
4.774591396999313,0
4.7752993519825395,1
4.775710068992339,0
4.776419226982398,1
4.776830165996216,0
4.777542490977794,1
4.7779524119978305,0
4.778666328988038,1
4.779079934989568,0
4.779808018996846,1
4.780208291980671,0
4.780926653998904,1
4.781342851987574,0
4.782048195978859,1
4.782456764980452,0
4.783169163973071,1
4.78357569599757,0
4.7842808539862745,1
4.78469199698884,0
4.78540128498571,1
4.785806371975923,0
4.786514659994282,1
4.786920969985658,0
4.7876311649743,1
4.788037715974497,0
4.788743002980482,1
4.789151683973614,0
4.789858933974756,1
4.790265428979183,0
4.790971938986331,1
4.791381082992302,0
4.792086832982022,1
4.792494105990045,0
4.793198208993999,1
4.7936317040002905,0
4.794337675994029,1
4.79474798598676,0
4.795483773981687,1
4.795891768997535,0
4.7965988159994595,1
4.797006902983412,0
4.797712264989968,1
4.798119815997779,0
4.798822177981492,1
4.79922985797748,0
4.799939348973567,1
4.800346677977359,0
4.801057798991678,1
4.801463978976244,0
4.80217422998976,1
4.802583168988349,0
4.803291548974812,1
4.803697618976003,0
4.804403646994615,1
4.804809604975162,0
4.805513559986139,1
4.80592559199431,0
4.8066301200015005,1
4.807033448974835,0
4.807740495976759,1
4.808134471997619,0
4.808842296974035,1
4.8092511809954885,0
4.809958134981571,1
4.810365240991814,0
4.811072639975464,1
4.8114784130011685,0
4.8121825529960915,1
4.812588954984676,0
4.813308632001281,1
4.813717607990839,0
4.814424951997353,1
4.8148315209837165,0
4.815538178983843,1
4.8159473029954825,0
4.816655775997788,1
4.817063548980514,0
4.817769540997688,1
4.818178090994479,0
4.818882878986187,1
4.819290392973926,0
4.819997920974856,1
4.8204007869935594,0
4.821111888973974,1
4.821559495001566,0
4.8222686529916245,1
4.822641647973796,0
4.823349805985345,1
4.823761041974649,0
4.824467125989031,1
4.824873565987218,0
4.8255779829923995,1
4.826008125994122,0
4.826716376992408,1
4.827127519994974,0
4.827835251984652,1
4.828244246979011,0
4.828999292978551,1
4.829454157996224,0
4.83015920498292,1
4.83056545999716,0
4.831273524992866,1
4.831679223978426,0
4.832385955989594,1
4.832790284999646,0
4.833496016974095,1
4.833901344973128,0
4.834606650983915,1
4.835021868988406,0
4.835724990000017,1
4.836166428984143,0
4.83687451298465,1
4.837294507975457,0
4.837997146998532,1
4.838492122973548,0
4.8392038739984855,1
4.839610775990877,0
4.840318823000416,1
4.840727224975126,0
4.841433086985489,1
4.8418404900003225,0
4.842547906999243,1
4.842956346983556,0
4.843662189989118,1
4.844071295985486,0
4.844776138983434,1
4.845184985984815,0
4.845894033001969,1
4.846299917000579,0
4.847009408986196,1
4.847416551987408,0
4.848123209987534,1
4.848527185997227,0
4.84923726998386,1
4.8496435989800375,0
4.850349237996852,1
4.850757010979578,0
4.851465631974861,1
4.851875089982059,0
4.852580710983602,1
4.852983928984031,0
4.853688641975168,1
4.85409780399641,0
4.854805332986871,1
4.8554682879766915,0
4.8561787419894245,1
4.856630310998298,0
4.8573378389992286,1
4.857744055974763,0
4.858450658997754,1
4.858855264988961,0
4.859565070975805,1
4.859969936980633,0
4.860677964985371,1
4.8610859789769165,0
4.86179472898948,1
4.862202353979228,0
4.862908363982569,1
4.8633162479964085,0
4.864018813997973,1
4.86442630898091,0
4.865130152000347,1
4.865536202996736,0
4.866243415977806,1
4.866652633994818,0
4.867359568976099,1
4.867779063992202,0
4.868485407991102,1
4.868894957995508,0
4.86959896798362,1
4.8700096479733475,0
4.8707147509849165,1
4.871123226999771,0
4.871827162976842,1
4.872237213974586,0
4.872943686990766,1
4.8733539230015595,0
4.874060802976601,1
4.874467891000677,0
4.875174029992195,1
4.875578635983402,0
4.876288312982069,1
4.8766961229848675,0
4.877404669998214,1
4.87781233197893,0
4.878516544995364,1
4.878923928976292,0
4.879633753997041,1
4.880037007998908,0
4.880743943998823,1
4.881155809998745,0
4.88187287497567,1
4.8822952219925355,0
4.882989212987013,1
4.8833978939801455,0
4.884105199977057,1
4.884513731987681,0
4.885219241987215,1
4.88562458899105,0
4.8863311169843655,1
4.886740111978725,0
4.8874504739942495,1
4.887856172979809,0
4.888562387001002,1
4.8889659739797935,0
4.88967128098011,1
4.890078071999596,0
4.89078374899691,1
4.8911922439874616,0
4.891900678980164,1
4.892307840986177,0
4.893014906992903,1
4.893418475985527,0
4.894125466991682,1
4.89453027700074,0
4.895237769000232,1
4.895646207995014,0
4.896357106976211,1
4.896765842975583,0
4.8974738709803205,1
4.897878143994603,0
4.8985831729951315,1
4.898989926994545,0
4.8996970289736055,1
4.9001030619838275,0
4.900806682999246,1
4.901212436991045,0
4.901918650983134,1
4.902322590001859,0
4.903028988977894,1
4.903437205997761,0
4.904141919978429,1
4.904549562983448,0
4.905252814001869,1
4.905659456999274,0
4.906366762996186,1
4.906777720985701,0
4.907484249997651,1
4.907892503979383,0
4.9085978099901695,1
4.90900210198015,0
4.909711666987278,1
4.910119791980833,0
4.910827801999403,1
4.911236093001207,0
4.911943380982848,1
4.912395523977466,0
4.9131045149988495,1
4.913510899001267,0
4.914217038982315,1
4.914820438978495,0
4.915533892984968,1
4.915941369981738,0
4.91665034298785,1
4.917059133993462,0
4.91776527298498,1
4.918170230987016,0
4.918875185976503,1
4.919282847986324,0
4.919997097982559,1
4.920406777993776,0
4.921111491974443,1
4.921516171976691,0
4.922222385997884,1
4.922628770000301,0
4.923333853977965,1
4.923741311999038,0
4.924445062992163,1
4.924850613984745,0
4.925557808979647,1
4.9259685069846455,0
4.926677350973478,1
4.927086789975874,0
4.927793262992054,1
4.928199590998702,0
4.928903489984805,1
4.929310614999849,0
4.930013957986375,1
4.930424712976674,0
4.931130814977223,1
4.931539643992437,0
4.93224661599379,1
4.932654611999169,0
4.933357584988698,1
4.9337639680015855,0
4.934469107975019,1
4.9348739739798475,0
4.9355814089940395,1
4.935988737997832,0
4.9366958960017655,1
4.937103686999762,0
4.937810918985633,1
4.938217247981811,0
4.938928405987099,1
4.939330159977544,0
4.940034354978707,1
4.940439961996162,0
4.941145434975624,1
4.9415505589859094,0
4.942255253990879,1
4.942660952976439,0
4.943366759980563,1
4.943771772988839,0
4.944477560988162,1
4.944883314979961,0
4.945587344001979,1
4.945993875997374,0
4.946701329987263,1
4.947110121982405,0
4.947815501975128,1
4.948218533972977,0
4.948925487988163,1
4.9493302239861805,0
4.950034178997157,1
4.950470209994819,0
4.951178886985872,1
4.951599918975262,0
4.952309502987191,1
4.952716701984173,0
4.953422785998555,1
4.953827076999005,0
4.954532253992511,1
4.954940137977246,0
4.955661647982197,1
4.956067697989056,0
4.956775040976936,1
4.957186350977281,0
4.9578931579890195,1
4.9583002269791905,0
4.959008254983928,1
4.959416675992543,0
4.960120778996497,1
4.96052732897806,0
4.961232894973364,1
4.961636408988852,0
4.96234567798092,1
4.962751783983549,0
4.963461348990677,1
4.963868658989668,0
4.964575798978331,1
4.964981497992994,0
4.965684433991555,1
4.966091502981726,0
4.966798512992682,1
4.967207266978221,0
4.967914757988183,1
4.968617490987526,0
4.969341666990658,1
4.969757679995382,0
4.970492856984492,1
4.970906073984224,0
4.9716164539859165,1
4.972026171977632,0
4.972732199996244,1
4.973138509987621,0
4.973842445993796,1
4.9742508479976095,0
4.97495683998568,1
4.975366815982852,0
4.976075362996198,1
4.9764853209780995,0
4.977192534977803,1
4.977598233992467,0
4.97830833599437,1
4.97871562698856,0
4.979421507974621,1
4.979828132985858,0
4.980536179995397,1
4.980943229980767,0
4.981647850974696,1
4.9820518089982215,0
4.98275683799875,1
4.983165129000554,0
4.983873434975976,1
4.9842821339843795,0
4.98556589600048,1
4.98598379897885,0
4.9866940309875645,1
4.987104358995566,0
4.987814701977186,1
4.988224659988191,0
4.988945263001369,1
4.989350388001185,0
4.990058933995897,1
4.9904675589932594,0
4.991173827991588,1
4.991582545975689,0
4.9922883519902825,1
4.992696198984049,0
4.993404930981342,1
4.993810832995223,0
4.9945166949764825,1
4.994923245976679,0
4.9956321450008545,1
4.9960380839766,0
4.996746686985716,1
4.997154866985511,0
4.997865191980964,1
4.998270890995627,0
4.998978974996135,1
4.999385413975688,0
5.000089571985882,1
5.0004945489927195,0
5.001201798993861,1
5.001605590980034,0
5.0023106379958335,1
5.00271859599161,0
5.003423420974286,1
5.003830064000795,0
5.004533091996564,1
5.004949957976351,0
5.005649337981595,1
5.006055259000277,0
5.006763027980924,1
5.007171726989327,0
5.007878977979999,1
5.008286194992252,0
5.008996630989714,1
5.009404903976247,0
5.010112377000041,1
5.010517852992052,0
5.0112292709818576,1
5.01163519200054,0
5.012345256982371,1
5.012752177979564,0
5.013460613990901,1
5.013866941997549,0
5.014571655978216,1
5.014977557992097,0
5.0156677719787695,1
5.016073248989414,0
5.016784721985459,1
5.017192827974213,0
5.0178971529821865,1
5.018304610974155,0
5.019007879978744,1
5.0194163939740974,0
5.020112162979785,1
5.02051745398785,0
5.0212276309903245,1
5.021634551987518,0
5.0223408399906475,1
5.022745408990886,0
5.023452733992599,1
5.023858802975155,0
5.024561182974139,1
5.024967214994831,0
5.025676594988909,1
5.026085756981047,0
5.026795192999998,1
5.027203706995351,0
5.0279120309860446,1
5.028319377976004,0
5.029022276983596,1
5.029403475986328,0
5.030109911982436,1
5.030527443974279,0
5.031238046998624,1
5.031644837989006,0
5.032349717977922,1
5.032755824999185,0
5.0334624639945105,1
5.033867866994115,0
5.034571357973618,1
5.034977871982846,0
5.035682788991835,1
5.036094431998208,0
5.03680168298888,1
5.037213140982203,0
5.037917391979136,1
5.03832421998959,0
5.0390277299738955,1
5.039435687998775,0
5.040142530982848,1
5.040547988988692,0
5.04125148098683,1
5.041657142981421,0
5.042367449001176,1
5.042768943996634,0
5.043471860990394,1
5.043880041979719,0
5.044582625996554,1
5.044989805988735,0
5.045695482986048,1
5.046099958999548,0
5.0468070799834095,1
5.047276814992074,0
5.0479833069839515,1
5.048390541982371,0
5.049096070986707,1
5.049500195978908,0
5.050207538995892,1
5.05061221899814,0
5.051316136989044,1
5.051724260993069,0
5.0524330859771,1
5.052838488976704,0
5.053546312992694,1
5.053951474983478,0
5.0546562999952585,1
5.055026499001542,0
5.055732860986609,1
5.056138540996471,0
5.056845606974093,1
5.057252638973296,0
5.057957851997344,1
5.058367939986056,0
5.059120097983396,1
5.0595274819934275,0
5.060233602998778,1
5.0606405419821385,0
5.061344496993115,1
5.061749713990139,0
5.062454482977046,1
5.062861459999112,0
5.063569950987585,1
5.064022908976767,0
5.064682197000366,1
5.065086969989352,0
5.065797571995063,1
5.066204992996063,0
5.06691483699251,1
5.067324071977055,0
5.068028100999072,1
5.068448891979642,0
5.069155771983787,1
5.069564415985951,0
5.070272924989695,1
5.07067829099833,0
5.071385060000466,1
5.071792073984398,0
5.072497305984143,1
5.072903004998807,0
5.073606106976513,1
5.074014805984916,0
5.074861554981908,1
5.07527047599433,0
5.075977411994245,1
5.076385943975765,0
5.077097027999116,1
5.077504633984063,0
5.078211902990006,1
5.07862024998758,0
5.079330593987834,1
5.079735773993889,0
5.080445486993995,1
5.080854037980316,0
5.081556677992921,1
5.081963190983515,0
5.082667922979454,1
5.083076436974807,0
5.083783298992785,1
5.0841862939996645,0
5.084891303995391,1
5.085297076991992,0
5.086006567988079,1
5.086407397000585,0
5.087123387987958,1
5.087525734998053,0
5.088231318979524,1
5.088639017980313,0
5.089344712992897,1
5.089747837977484,0
5.090453865996096,1
5.090858045994537,0
5.091568796982756,1
5.09197579199099,0
5.092681875976268,1
5.093089000991313,0
5.093990804976784,1
5.0944043369963765,0
5.095120660989778,1
5.095529322978109,0
5.096253073978005,1
5.096667290985351,0
5.097395244985819,1
5.097801943978993,0
5.098518471990246,1
5.098928614985198,0
5.099612513993634,1
5.10002365798573,0
5.10072805598611,1
5.101135199976852,0
5.10184611697332,1
5.1022533159994055,0
5.102962528995704,1
5.103373764985008,0
5.104076607996831,1
5.104482954979176,0
5.105187335982919,1
5.105598089983687,0
5.106307693000417,1
5.106717242975719,0
5.107423456996912,1
5.107832192996284,0
5.108540850982536,1
5.108948067994788,0
5.109663818991976,1
5.1100751839985605,0
5.110813285980839,1
5.111230076989159,0
5.111938920977991,1
5.1123482679831795,0
5.1130603139754385,1
5.113475438993191,0
5.1141858189948834,1
5.114647109992802,0
5.115358156996081,1
5.115766003989847,0
5.1164746249851305,1
5.116884878982091,0
5.117591555987019,1
5.117999957990833,0
5.118708430993138,1
5.119116055982886,0
5.119820417981828,1
5.120226301980438,0
5.120932459976757,1
5.121340435987804,0
5.122051612997893,1
5.122458125988487,0
5.123164339980576,1
5.1235728719912,0
5.124278844974469,1
5.124683784990339,0
5.12592586199753,1
5.126344875985524,0
5.127054922981188,1
5.127500268979929,0
5.128219722973881,1
5.1286419029929675,0
5.129352691001259,1
5.130056459980551,0
5.13078124797903,1
5.13119479798479,0
5.131905715999892,1
5.132330506981816,0
5.13305305398535,1
5.133476177987177,0
5.134829124988755,1
5.135245008976199,0
5.135967203998007,1
5.136347716994351,0
5.137069430988049,1
5.1374819630000275,0
5.138204157992732,1
5.138628244982101,0
5.140396039001644,1
5.14078199697542,0
5.141496413998539,1
5.141906094999285,0
5.142613659991184,1
5.143044932978228,0
5.143754867982352,1
5.1441583819978405,0
5.144869039999321,1
5.145277053990867,0
5.145989359996747,1
5.146399835997727,0
5.147107808996225,1
5.147516785975313,0
5.148224832984852,1
5.148632438998902,0
5.149340096977539,1
5.149751480988925,0
5.150461249984801,1
5.150872874975903,0
5.151584348001052,1
5.15199161999044,0
5.152696833974915,1
5.153104662982514,0
5.153806912974687,1
5.154213518981123,0
5.154919141001301,1
5.15532624698244,0
5.156031071994221,1
5.156437862984603,0
5.15714605798712,1
5.157554385979893,0
5.158260062977206,1
5.158665483992081,0
5.159376400988549,1
5.15978352597449,0
5.16048822097946,1
5.160892586980481,0
5.161598244972993,1
5.162002406985266,0
5.1627081759797875,1
5.16311563400086,0
5.163818754983367,1
5.164224971988006,0
5.1649287969921716,1
5.165359050995903,0
5.16606719099218,1
5.166475148987956,0
5.167182991979644,1
5.167590450000716,0
5.168294144998072,1
5.168700621987227,0
5.169404797983589,1
5.169810478982981,0
5.170515802979935,1
5.17092098397552,0
5.171628233976662,1
5.172035154973855,0
5.172738479974214,1
5.173146215995075,0
5.173850540973945,1
5.1742559429840185,0
5.174959341995418,1
5.175366633979138,0
5.176075939991279,1
5.17647847198532,0
5.1771865929767955,1
5.177597754984163,0
5.178298913000617,1
5.178705203987192,0
5.179413009987911,1
5.179817949974677,0
5.1805242379778065,1
5.180928713991307,0
5.181633890984813,1
5.182041515974561,0
5.182745080994209,1
5.183150964992819,0
5.18385825297446,1
5.184262321999995,0
5.184966775996145,1
5.185372419975465,0
5.186080855986802,1
5.18649903597543,0
5.187209563999204,1
5.187616077979328,0
5.188322457979666,1
5.188726748980116,0
5.189431610982865,1
5.189837068988709,0
5.19054602397955,1
5.190951684984611,0
5.19166108398349,1
5.192066578980302,0
5.192770903988276,1
5.1931767700007185,0
5.193881130981026,1
5.194285848992877,0
5.194990969990613,1
5.195397631992819,0
5.1961086969822645,1
5.196530913992319,0
5.197238886990817,1
5.197644955973374,0
5.198350910999579,1
5.198755331977736,0
5.199462878983468,1
5.199868133000564,0
5.200575475988444,1
5.20098213799065,0
5.201690721994964,1
5.202099310001358,0
5.202803004998714,1
5.203210054984083,0
5.203915916994447,1
5.204322263976792,0
5.205027051997604,1
5.205433861992788,0
5.206138852983713,1
5.206557088997215,0
5.20728217298165,1
5.207690130977426,0
5.20839558498119,1
5.208800987980794,0
5.209505237988196,1
5.209911640995415,0
5.210616372991353,1
5.2110218679881655,0
5.211725173983723,1
5.212136650981847,0
5.212847808987135,1
5.2132594709983096,0
5.213964591996046,1
5.214619676000439,0
5.215332148974994,1
5.215737069986062,0
5.216443783981958,1
5.2168524639855605,0
5.21756064100191,1
5.2179652839840855,0
5.218670478992863,1
5.21907815898885,0
5.219784335989971,1
5.2201925159897655,0
5.220955117983976,1
5.2213633169885725,0
5.222068363975268,1
5.222476506984094,0
5.223181201989064,1
5.223589289991651,0
5.224291762977373,1
5.224698757985607,0
5.225403860997176,1
5.225808762974339,0
5.2265322909806855,1
5.226943211979233,0
5.22765442598029,1
5.228058790991781,0
5.2287649489881005,1
5.229170537000755,0
5.229876768979011,1
5.230282356991665,0
5.230986607988598,1
5.231394583999645,0
5.232136871985858,1
5.232544273982057,0
5.233252709993394,1
5.233658926998032,0
5.234367936995113,1
5.2347763769794255,0
5.235482941992814,1
5.235888584982604,0
5.23660002098768,1
5.237010071985424,0
5.237716470990563,1
5.238121743983356,0
5.2388283829786815,1
5.239236451976467,0
5.2400197759852745,1
5.240427937998902,0
5.241134410985978,1
5.241539016977185,0
5.242246230976889,1
5.242651577980723,0
5.243379994994029,1
5.243768859974807,0
5.244476406980539,1
5.244886068976484,0
5.24558878300013,1
5.245994592987699,0
5.246702490985626,1
5.247111985983793,0
5.247816736984532,1
5.248223842994776,0
5.248929149995092,1
5.249336310982471,0
5.250042043975554,1
5.250452630978543,0
5.251162177999504,1
5.251571357977809,0
5.252278349973494,1
5.252708399988478,0
5.253413391998038,1
5.253821978985798,0
5.254536710999673,1
5.2549461879825685,0
5.255654549982864,1
5.256061136984499,0
5.25676725798985,1
5.2571739759878255,0
5.257883799989941,1
5.2582887949829455,0
5.2589989909902215,1
5.2594066339952406,0
5.260115457989741,1
5.2605215649819,0
5.2612285380018875,1
5.261640735989204,0
5.2623464499774855,1
5.262755148985889,0
5.2634624549828,1
5.263867801986635,0
5.264567996986443,1
5.264977343991632,0
5.265694909001468,1
5.266101978981169,0
5.266793062997749,1
5.267200927977683,0
5.267905715998495,1
5.268311932974029,0
5.269018127990421,1
5.2694224009756,0
5.270127503987169,1
5.270534016977763,0
5.271239767986117,1
5.271646392997354,0
5.272351494990289,1
5.272756545979064,0
5.273462851997465,1
5.27386808799929,0
5.274572616996011,1
5.2749842969933525,0
5.275689435977256,1
5.2761045239749365,0
5.276825403998373,1
5.277234954992309,0
5.277938982995693,1
5.278344644990284,0
5.27903472899925,1
5.27944190998096,0
5.280146031000186,1
5.280552469979739,0
5.281258942995919,1
5.2816623089893255,0
5.282366984989494,1
5.28277518399409,0
5.283478489989648,1
5.283886114979396,0
5.284595161996549,1
5.285000915988348,0
5.285709055984626,1
5.286116309987847,0
5.286825245973887,1
5.287236259988276,0
5.287943898991216,1
5.288352467992809,0
5.289058792986907,1
5.289465046982514,0
5.2901691129955,1
5.290574311977252,0
5.291282043996034,1
5.291689112986205,0
5.292392344999826,1
5.292797599977348,0
5.2935070539824665,1
5.293913159985095,0
5.294619465974392,1
5.295030405977741,0
5.295737526990706,1
5.296148188994266,0
5.296857031993568,1
5.297265064000385,0
5.297974869987229,1
5.298381179978605,0
5.299090633983724,1
5.29949705497711,0
5.300202972983243,1
5.300610209000297,0
5.301315218996024,1
5.301722139993217,0
5.302425909001613,1
5.3028319779841695,0
5.303542765992461,1
5.303944797982695,0
5.30465002998244,1
5.305053876974853,0
5.305758701986633,1
5.30616973398719,0
5.306875558977481,1
5.307286349998321,0
5.307994803995825,1
5.3084013179759495,0
5.309105290973093,1
5.309510211984161,0
5.31021936997422,1
5.3106273279991,0
5.311337152990745,1
5.311743869999191,0
5.31245002799551,1
5.312854948977474,0
5.313559717993485,1
5.3139667689974885,0
5.314671278989408,1
5.31508020000183,0
5.31578606198309,1
5.316190185985761,0
5.316898492979817,1
5.317305117001524,0
5.318012534989975,1
5.318417547998251,0
5.319124743982684,1
5.3195291649899445,0
5.320235507999314,1
5.320641761994921,0
5.321348364988808,1
5.3217553599970415,0
5.322457776986994,1
5.32286886498332,0
5.323571874992922,1
5.323975980980322,0
5.324682323989691,1
5.325087170989718,0
5.325791106995894,1
5.3261972129985224,0
5.326905074995011,1
5.327315384987742,0
5.328017579973675,1
5.328424630977679,0
5.329130418977002,1
5.329535913973814,0
5.330240757000865,1
5.330644547997508,0
5.3313510209845845,1
5.331755978986621,0
5.332461470999988,1
5.332868798985146,0
5.33357147598872,1
5.333977933973074,0
5.334684813977219,1
5.335089328000322,0
5.335794837999856,1
5.336200850986643,0
5.33690904697869,1
5.337316578981699,0
5.338023976975819,1
5.338430009986041,0
5.339135667978553,1
5.339540532993851,0
5.340249209984904,1
5.34067892699386,0
5.341384806990391,1
5.341794542997377,0
5.342498552985489,1
5.3429096219770145,0
5.34361539100064,1
5.344022774981568,0
5.344729562988505,1
5.345134001981933,0
5.345838160981657,1
5.346255229989765,0
5.3469527029956225,1
5.347361567983171,0
5.3480671889847144,1
5.348473202990135,0
5.349178082979051,1
5.349584336974658,0
5.350291291979374,1
5.350696916982997,0
5.351403000997379,1
5.35180823598057,0
5.35251322799013,1
5.352922592981486,0
5.353629213990644,1
5.354035245982232,0
5.354739478992997,1
5.355146639980376,0
5.355854390974855,1
5.35625803397852,0
5.356964340986451,1
5.3573727989860345,0
5.358076789998449,1
5.358483730000444,0
5.3591917579760775,1
5.359596661000978,0
5.360300707980059,1
5.3607082029921,0
5.361410471989075,1
5.361818577977829,0
5.362521050992655,1
5.362927156995283,0
5.363634037988959,1
5.364041272987379,0
5.364745190978283,1
5.365150111989351,0
5.365856288000941,1
5.3662736539845355,0
5.3669820529758,1
5.367389806982828,0
5.368095297977561,1
5.368501866993029,0
5.369208636984695,1
5.369617983989883,0
5.370325567986583,1
5.370732043986209,0
5.371438942995155,1
5.371844196983147,0
5.372555669979192,1
5.372961424989626,0
5.37366976798512,1
5.374077595974086,0
5.374784401996294,1
5.37519223097479,0
5.37589994398877,1
5.376325364981312,0
5.377036096993834,1
5.377444851998007,0
5.378148398973281,1
5.378559448989108,0
5.3792664039938245,1
5.379676324984757,0
5.380381982977269,1
5.380783310974948,0
5.381490635976661,1
5.381899241998326,0
5.382606029976159,1
5.383025728981011,0
5.383733904978726,1
5.384140566980932,0
5.38484872499248,1
5.38525436798227,0
5.385957914986648,1
5.386379946983652,0
5.387089104973711,1
5.387497007992351,0
5.388202054979047,1
5.388608679000754,0
5.3893157259735744,1
5.389721980987815,0
5.390431656996952,1
5.390850151976338,0
5.391560439980822,1
5.391962472000159,0
5.3926683889876585,1
5.3930742359953,0
5.393777116987621,1
5.394182463991456,0
5.394889010989573,1
5.395295320980949,0
5.396000070992159,1
5.396418787975563,0
5.397128371987492,1
5.397536792996107,0
5.398240896000061,1
5.398648242990021,0
5.399353844986763,1
5.3997584889875725,0
5.400473424990196,1
5.401149304991122,0
5.401917610986857,1
5.40233508698293,0
5.403083188983146,1
5.403500646993052,0
5.404214137990493,1
5.404627818992594,0
5.405367364990525,1
5.405786470975727,0
5.406649386975914,1
5.407042011996964,0
5.40774835497723,1
5.408155793993501,0
5.408860637980979,1
5.409266706992639,0
5.409974790993147,1
5.41038435997325,0
5.411090148001676,1
5.4114945129840635,0
5.412202930980129,1
5.412611295992974,0
5.413314101984724,1
5.413721782999346,0
5.414428125979612,1
5.414835916977609,0
5.415541037975345,1
5.415948606998427,0
5.416668042977108,1
5.417063871980645,0
5.417770251980983,1
5.418181061977521,0
5.418888793996302,1
5.419298603985226,0
5.420001576974755,1
5.420412330975523,0
5.421116525976686,1
5.421527557977242,0
5.422234938974725,1
5.422639785974752,0
5.423346146999393,1
5.4237538460001815,0
5.424458855995908,1
5.42486292499234,0
5.425570545980008,1
5.4259780409920495,0
5.426687865983695,1
5.427095102000749,0
5.427803742000833,1
5.4282059029792435,0
5.428910875984002,1
5.429322018986568,0
5.430022585002007,1
5.430428042978747,0
5.4311338309780695,1
5.431537603988545,0
5.432243724993896,1
5.4326503119955305,0
5.433355044980999,1
5.433759391977219,0
5.4344643089862075,1
5.434872396988794,0
5.435579518001759,1
5.4359821239777375,0
5.436692855990259,1
5.437127942976076,0
5.437806027999613,1
5.438211688975571,0
5.438916865998181,1
5.439324860984925,0
5.440029241988668,1
5.440435847995104,0
5.441140449984232,1
5.441546981979627,0
5.442250936990604,1
5.442655246995855,0
5.44336383100017,1
5.443767806980759,0
5.444473909999942,1
5.444878330978099,0
5.445585377980024,1
5.445990816981066,0
5.446696956991218,1
5.4471047849801835,0
5.447811535996152,1
5.4482155309815425,0
5.448923151998315,1
5.449327183974674,0
5.450032230990473,1
5.450440244982019,0
5.451151198998559,1
5.451560193992918,0
5.45226461198763,1
5.45267184797558,0
5.453376838995609,1
5.453781592979794,0
5.45448706598836,1
5.454892320994986,0
5.4555977569834795,1
5.456005863001337,0
5.4567123359884135,1
5.457118719990831,0
5.4578237109817564,1
5.458230039977934,0
5.458936974988319,1
5.459345192997716,0
5.460047702974407,1
5.460454215994105,0
5.4611596889735665,1
5.4615656469832174,0
5.462268730974756,1
5.462673985981382,0
5.4633835699933115,1
5.46378819399979,0
5.464492222992703,1
5.464899384998716,0
5.465603338991059,1
5.466008833987871,0
5.466716491995612,1
5.4671249499951955,0
5.4678314049961045,1
5.468240121990675,0
5.468940205988474,1
5.469346552999923,0
5.470055155979935,1
5.470463409990771,0
5.471173937985441,1
5.471579414996086,0
5.472282739996444,1
5.472690345981391,0
5.473392947984394,1
5.4738003319944255,0
5.47450602799654,1
5.474910725984955,0
5.475616439973237,1
5.476024119998328,0
5.476729000976775,1
5.477137884998228,0
5.4778418759815395,1
5.478249611973297,0
5.478957361978246,1
5.479365134990076,0
5.480071348982165,1
5.480477047996828,0
5.481184149975888,1
5.4815912379999645,0
5.482301080977777,1
5.482709094998427,0
5.483418696996523,1
5.48382513699471,0
5.484533220995218,1
5.484939289977774,0
5.485646447981708,1
5.486049738974543,0
5.486760563973803,1
5.487167984974803,0
5.487874365993775,1
5.4882797679747455,0
5.488988907978637,1
5.4893984209920745,0
5.4901043199934065,1
5.490514573990367,0
5.4912234359944705,1
5.491631615994265,0
5.492343755991897,1
5.492746231990168,0
5.4934533719788305,1
5.493858792993706,0
5.494564561988227,1
5.4949739089934155,0
5.495682825974654,1
5.496089209977072,0
5.496798349980963,1
5.497281658987049,0
5.497908965975512,1
5.498316571989562,0
5.499026341974968,1
5.499433206976391,0
5.500137772993185,1
5.500543637986993,0
5.501247388980119,1
5.501651920989389,0
5.502356468001381,1
5.50276357398252,0
5.503469416988082,1
5.503875374997733,0
5.504580977984006,1
5.5049849729985,0
5.5056908349797595,1
5.50609531099326,0
5.506804024975281,1
5.507210927986307,0
5.507921029988211,1
5.508327432995429,0
5.509035367984325,1
5.509443270973861,0
5.510148392000701,1
5.510555979999481,0
5.511266970977886,1
5.511671724991174,0
5.512384068977553,1
5.512790452979971,0
5.5134964249737095,1
5.513901271973737,0
5.51460761600174,1
5.515024536987767,0
5.515731157996925,1
5.516136541991727,0
5.516845921985805,1
5.517253490979783,0
5.517956853000214,1
5.518365106981946,0
5.519071227987297,1
5.51947655697586,0
5.520186048001051,1
5.52062852398376,0
5.521300034975866,1
5.521707325999159,0
5.522413890983444,1
5.5228191829810385,0
5.523529044992756,1
5.524783454980934,0
5.5255062239884865,1
5.52588881200063,0
5.526606377999997,1
5.5271346119989175,0
5.5277683079766575,1
5.528207246999955,0
5.528882682992844,1
5.529286492994288,0
5.5299779849883635,1
5.53037238799152,0
5.531089359981706,1
5.5315073739911895,0
5.532245549984509,1
5.532661970995832,0
5.533373443991877,1
5.533784827974159,0
5.534495522995712,1
5.534906832996057,0
5.535624953976367,1
5.536035948985955,0
5.536749717983184,1
5.5371265649737325,0
5.537836018978851,1
5.538246162992436,0
5.538952486997005,1
5.539363278978271,0
5.540079380996758,1
5.5404940059816,0
5.541223440988688,1
5.541793379001319,0
5.542513758991845,1
5.542926346999593,0
5.545582795981318,1
5.545997994981008,0
5.546719374979148,1
5.547136054985458,0
5.547858249978162,1
5.548273596999934,0
5.548991755000316,1
5.549410786974477,0
5.550126185000408,1
5.550540087977424,0
5.552073901984841,1
5.552500138001051,0
5.553227776981657,1
5.553643031977117,0
5.554401633999078,1
5.554817979980726,0
5.55553747198428,1
5.555994595983066,0
5.557056600984652,1
5.557137840980431,0
5.557899275998352,1
5.558321529999375,0
5.559068095986731,1
5.559778141992865,0
5.560502392996568,1
5.5609146659844555,0
5.561621952976566,1
5.562028966989601,0
5.56274119898444,1
5.563153878989397,0
5.563869962992612,1
5.5642896619974636,0
5.565255594992777,1
5.565681607986335,0
5.566357580974,1
5.566775334998965,0
5.567491381982109,1
5.567861229996197,0
5.5686145539802965,1
5.5690673450008035,0
5.569800168974325,1
5.57024857099168,0
5.570984691992635,1
5.571409019990824,0
5.572139362979215,1
5.572566135990201,0
5.57329370098887,1
5.57371662199148,0
5.574446853977861,1
5.574867830000585,0
5.5755836549797095,1
5.576004834991181,0
5.576727344974643,1
5.577150264987722,0
5.577823349973187,1
5.578244621981867,0
5.578925502981292,1
5.579350441985298,0
5.5801260999869555,1
5.580541649978841,0
5.5812665669946,1
5.5816885069943964,0
5.582404664979549,1
5.582817788992543,0
5.583595705975313,1
5.584014718973776,0
5.584729765978409,1
5.585380257980432,0
5.586097508989042,1
5.586521595978411,0
5.587240568973357,1
5.587659637996694,0
5.58837861099164,1
5.588799419987481,0
5.589531966979848,1
5.589958572993055,0
5.590672767983051,1
5.591127502993913,0
5.591842901980272,1
5.592265729996143,0
5.592987072974211,1
5.593400864978321,0
5.5941166339907795,1
5.594538665987784,0
5.595260360976681,1
5.595681040984346,0
5.596399401983945,1
5.596808174974285,0
5.597518258990021,1
5.59792601398658,0
5.5986345049750526,1
5.599095535988454,0
5.599853045976488,1
5.600250318995677,0
5.600942958990345,1
5.601331897982163,0
5.603010247985367,1
5.603445575980004,0
5.6041800859966315,1
5.604604172986001,0
5.605316775996471,1
5.605734251992544,0
5.606425780977588,1
5.60704901398276,0
5.607764949992998,1
5.608175907982513,0
5.609597205999307,1
5.610019125975668,0
5.6107314879773185,1
5.611187167989556,0
5.611909954983275,1
5.612334394973004,0
5.613055866997456,1
5.61347628798103,0
5.614194093999686,1
5.614618107996648,0
5.61533621000126,1
5.615775557002053,0
5.61653504698188,1
5.6168961729854345,0
5.617613293987233,1
5.6180240289832,0
5.618738816992845,1
5.61914994198014,0
5.619863506988622,1
5.620276834990364,0
5.620988529990427,1
5.621401654992951,0
5.622124682995491,1
5.622542325989343,0
5.625393069989514,1
5.625829749973491,0
5.626986660994589,1
5.627404155995464,0
5.628120406996459,1
5.628526234999299,0
5.629238633991918,1
5.629645054985303,0
5.630886022001505,1
5.631302442983724,0
5.632010970992269,1
5.632430002995534,0
5.6331533279735595,1
5.633564933988964,0
5.634279591991799,1
5.634688475984149,0
5.635403392981971,1
5.635810646985192,0
5.636522415996296,1
5.6369311710004695,0
5.637641013978282,1
5.638048267981503,0
5.638754240993876,1
5.639191401976859,0
5.639904337993357,1
5.640310332993977,0
5.641020194976591,1
5.641428171977168,0
5.642140514974017,1
5.642549732001498,0
5.643256871990161,1
5.644000565982424,0
5.644718983996427,1
5.645139164000284,0
5.645857339986833,1
5.647169934993144,0
5.647908277984243,1
5.64833599497797,0
5.649072134983726,1
5.649490462994436,0
5.6502150839951355,1
5.650630022981204,0
5.651347551000072,1
5.651766138995299,0
5.6524906489939895,1
5.652908865973586,0
5.653629004984396,1
5.654048629978206,0
5.654777083982481,1
5.655196726991562,0
5.6558888479776215,1
5.65637049099314,0
5.657126073987456,1
5.65754840199952,0
5.6582788929808885,1
5.658701591979479,0
5.65943211998092,1
5.6598513560020365,0
5.6605806989828125,1
5.6610019719810225,0
5.6617356479982845,1
5.662161771993851,0
5.662884651974309,1
5.663302535976982,0
5.664032193977619,1
5.664453651988879,0
5.665181272983318,1
5.665602544991998,0
5.66632542599109,1
5.666745734983124,0
5.66746918897843,1
5.667896665981971,0
5.668622175988276,1
5.669045781978639,0
5.669772383989766,1
5.670194785983767,0
5.670919443975436,1
5.671357993996935,0
5.6720857819891535,1
5.672499424981652,0
5.6732320269802585,1
5.6736547439941205,0
5.67438543899334,1
5.674801970977569,0
5.675535794987809,1
5.67595678998623,0
5.676737169997068,1
5.677091553981882,0
5.677816989977146,1
5.678240688983351,0
5.678968142980011,1
5.679389303986682,0
5.6801176839799155,1
5.680541641981108,0
5.6812795589794405,1
5.681696220999584,0
5.682422470999882,1
5.68284555900027,0
5.683576549985446,1
5.684005155984778,0
5.684735388000263,1
5.685158233973198,0
5.685878614982357,1
5.686295312974835,0
5.691078014991945,1
5.691516786988359,0
5.692268332990352,1
5.692697901977226,0
5.693430744984653,1
5.693855295976391,0
5.694587601989042,1
5.6950748919916805,0
5.69579190199147,1
5.696335468994221,0
5.697063960978994,1
5.69748565898044,0
5.6982195019954816,1
5.698647329991218,0
5.699375283991685,1
5.699799649999477,0
5.700533806986641,1
5.700953209976433,0
5.701676441996824,1
5.70209819599404,0
5.702833982999437,1
5.703255070984596,0
5.703981357975863,1
5.704398278990993,0
5.705120603990508,1
5.705541395000182,0
5.706272015988361,1
5.706690102990251,0
5.707419353973819,1
5.707847384997876,0
5.708581710001454,1
5.709003389987629,0
5.709729936992517,1
5.710152745974483,0
5.710878181998851,1
5.711295528977644,0
5.7120112239790615,1
5.712425181991421,0
5.713150820985902,1
5.713569426996401,0
5.714295843994478,1
5.714722598000662,0
5.7154461269965395,1
5.71586569599458,0
5.7165906869922765,1
5.717008310981328,0
5.717720783984987,1
5.718134650000138,0
5.71885404799832,1
5.719279894983629,0
5.720003756985534,1
5.7204193439974915,0
5.7211494089860935,1
5.721570459980285,0
5.722297746979166,1
5.7227157979796175,0
5.723436270985985,1
5.723854431998916,0
5.7245728119742125,1
5.727065022976603,0
5.72778701398056,1
5.7282001939893235,0
5.728919759974815,1
5.729337031982141,0
5.730058412998915,1
5.730473203992005,0
5.731192565988749,1
5.731612874980783,0
5.732329922000645,1
5.732747398986248,0
5.733469352999236,1
5.733886810980039,0
5.734607653983403,1
5.735037444974296,0
5.7357579179806635,1
5.736176375998184,0
5.736895014997572,1
5.73731030599447,0
5.738033148983959,1
5.738446217990713,0
5.739168912987225,1
5.739584055991145,0
5.740308695996646,1
5.74072311699274,0
5.7414427009935025,1
5.741859306988772,0
5.742576834978536,1
5.742993996973382,0
5.743714098993223,1
5.744129000988323,0
5.744850677991053,1
5.745265116973314,0
5.745987589994911,1
5.746408437000355,0
5.7471308169770055,1
5.747558440983994,0
5.748286876972998,1
5.748719686991535,0
5.749465788976522,1
5.749904301977949,0
5.750659458979499,1
5.751035769993905,0
5.751761408988386,1
5.752184181998018,0
5.752948227978777,1
5.753379629983101,0
5.754113879986107,1
5.754544819996227,0
5.755276347976178,1
5.755745915987063,0
5.756429556000512,1
5.756912734999787,0
5.757621559983818,1
5.7580400180013385,0
5.758768434985541,1
5.75918398599606,0
5.759911476983689,1
5.760330471995985,0
5.76105225898209,1
5.761472142999992,0
5.762192189984489,1
5.762610999983735,0
5.763347823987715,1
5.763752114988165,0
5.764472606999334,1
5.76488828699803,0
5.7656194449809846,1
5.766051346989116,0
5.76709959298023,1
5.767478032998042,0
5.768220579979243,1
5.768649907986401,0
5.769390454981476,1
5.769816022977466,0
5.7705568480014335,1
5.770985249982914,0
5.771744888974354,1
5.772189420997165,0
5.772936059976928,1
5.773382961982861,0
5.774113544990541,1
5.774549410998588,0
5.7752695129893254,1
5.775690507987747,0
5.776412554987473,1
5.7768302529875655,0
5.777541707997443,1
5.777962647000095,0
5.778679693990853,1
5.7791004850005265,0
5.779824716999428,1
5.780248174996814,0
5.780962739983806,1
5.781384049972985,0
5.782100837997859,1
5.7825170919822995,0
5.7832395089790225,1
5.783664577989839,0
5.78438756900141,1
5.78480571199907,0
5.785524406994227,1
5.785940438974649,0
5.786654486000771,1
5.787043443997391,0
5.78776334298891,1
5.78817517097923,0
5.788896810990991,1
5.789309934974881,0
5.790032666991465,1
5.790452569985064,0
5.791170393989887,1
5.791592351975851,0
5.7923346949974075,1
5.792766578990268,0
5.793503606982995,1
5.793930786981946,0
5.794668018992525,1
5.795095142995706,0
5.795826967980247,1
5.796248813974671,0
5.796962897991762,1
5.7973753749975,0
5.7980989959905855,1
5.7985116569907404,0
5.799232333985856,1
5.7996475319960155,0
5.800385541981086,1
5.800810332992114,0
5.8015478429733776,1
5.801967244973639,0
5.802698050974868,1
5.805863771995064,0
5.806595745001687,1
5.8071363490016665,0
5.807755970978178,1
5.808173706987873,0
5.808893179986626,1
5.809313525998732,0
5.810036720999051,1
5.8104594009928405,0
5.811189577972982,1
5.811607924988493,0
5.812330526998267,1
5.812747447984293,0
5.813468754000496,1
5.813888692995533,0
5.814621572993929,1
5.815071493998403,0
5.8157854289747775,1
5.816279330989346,0
5.816907637985423,1
5.817324762989301,0
5.818054901988944,1
5.818481507973047,0
5.819200109981466,1
5.819651863974286,0
5.820370595989516,1
5.820856645994354,0
5.821809318993473,1
5.822220832982566,0
5.822945138992509,1
5.823369670979446,0
5.824104457977228,1
5.824536156986142,0
5.8252987769956235,1
5.825737623992609,0
5.826560631976463,1
5.82690734998323,0
5.827624470985029,1
5.828030150994891,0
5.828755586990155,1
5.829162803973304,0
5.82986244399217,1
5.830250827973941,0
5.830957430996932,1
5.8313585559953935,0
5.832298969995463,1
5.832690242998069,0
5.833429955993779,1
5.833819154999219,0
5.834532979992218,1
5.834941159992013,0
5.835783686983632,1
5.836189107998507,0
5.836908376979409,1
5.837546702998225,0
5.838257804978639,1
5.838671688979957,0
5.839419605996227,1
5.839814063976519,0
5.8405286479974166,1
5.8409100319840945,0
5.841782928997418,1
5.84224201599136,0
5.842926470999373,1
5.843353576987283,0
5.844071678991895,1
5.8444721559935715,0
5.845200313982787,1
5.84562734598876,0
5.846524889988359,1
5.846958125999663,0
5.847691320988815,1
5.8481228339951485,0
5.848844583990285,1
5.849260190996574,0
5.8499396269908175,1
5.8503405659866985,0
5.851071482989937,1
5.851485718972981,0
5.852207598974928,1
5.852641186997062,0
5.853339196997695,1
5.853733506985009,0
5.854421997995814,1
5.8549177889944986,0
5.85565544597921,1
5.85610603398527,0
5.8568322469946,1
5.859079441986978,0
5.859776321973186,1
5.8602085579768755,0
5.860958029981703,1
5.861548244982259,0
5.862258180975914,1
5.862685101979878,0
5.863414703984745,1
5.865230589988641,0
5.865957581001567,1
5.866377241996815,0
5.867100659990683,1
5.867526561982231,0
5.868246422993252,1
5.868654195975978,0
5.869384149991674,1
5.869807941984618,0
5.8706302829959895,1
5.8710797779785935,0
5.871773269987898,1
5.872202467988245,0
5.8730072359903716,1
5.873446268000407,0
5.874180295999395,1
5.874613586987834,0
5.875333634001436,1
5.875757702975534,0
5.876488823996624,1
5.876916780980537,0
5.877807270997437,1
5.87837755997316,0
5.879126309999265,1
5.879557822976494,0
5.880399331974331,1
5.880822677980177,0
5.881531391991302,1
5.8819695529819,0
5.88272648898419,1
5.883157927979482,0
5.884287987981224,1
5.884715927997604,0
5.885444788989844,1
5.885859413974686,0
5.886576497985516,1
5.886994862987194,0
5.8876841139863245,1
5.8882881439931225,0
5.889031485974556,1
5.88946649999707,0
5.890816150000319,1
5.891245551989414,0
5.892029968992574,1
5.892490888974862,0
5.893257712974446,1
5.893702336994465,0
5.8944353649858385,1
5.894903451990103,0
5.895660201989813,1
5.896090492984513,0
5.896866039984161,1
5.897241053986363,0
5.897980303998338,1
5.898435020993929,0
5.899161640991224,1
5.8996095990005415,0
5.900355997000588,1
5.9008167879946996,0
5.901564704981865,1
5.902024272974813,0
5.902767412975663,1
5.9031918330001645,0
5.903939416981302,1
5.904375096986769,0
5.905106031976175,1
5.905548841983546,0
5.906239167001331,1
5.90670604998013,0
5.907459540991113,1
5.907882646977669,0
5.908615989988903,1
5.9090375219821,0
5.909760605980409,1
5.9101936739753,0
5.910900517978007,1
5.911318660975667,0
5.912046429992188,1
5.912507145985728,0
5.913240359979682,1
5.913667465996696,0
5.914382141985698,1
5.914798562997021,0
5.915529480000259,1
5.915942494000774,0
5.916660354996566,1
5.917085349996341,0
5.917813118983759,1
5.918258131976472,0
5.918974993983284,1
5.919393414980732,0
5.920102387986844,1
5.9205102720006835,0
5.92122570698848,1
5.921638461994007,0
5.922354119975353,1
5.922772077989066,0
5.9236863069818355,1
5.924108153994894,0
5.924840089981444,1
5.925241936987732,0
5.925960871973075,1
5.926382145000389,0
5.927092302998062,1
5.927502409002045,0
5.928194918989902,1
5.928619487996912,0
5.929332442989107,1
5.9297550119808875,0
5.93086851699627,1
5.932264795992523,0
5.933099192974623,1
5.933519891987089,0
5.934212438995019,1
5.934603026980767,0
5.935320295975544,1
5.935738771979231,0
5.936476485978346,1
5.936898332001874,0
5.937611823988846,1
5.938015688996529,0
5.938728254986927,1
5.939127841993468,0
5.939797222992638,1
5.940191273984965,0
5.940890098980162,1
5.941287186986301,0
5.941986214980716,1
5.942373969999608,0
5.943088386993622,1
5.9435021969839,0
5.944216761999996,1
5.944628942001145,0
5.9453892299789,1
5.945838223997271,0
5.9465580669930205,1
5.9469633769767825,0
5.947681053978158,1
5.948091548983939,0
5.9488012439978775,1
5.949208701989846,0
5.949917174992152,1
5.9503257619799115,0
5.9510439570003655,1
5.951452766981674,0
5.952165333001176,1
5.952575493982295,0
5.953292114980286,1
5.953774071997032,0
5.954484859976219,1
5.9548978739767335,0
5.955650308984332,1
5.956019137986004,0
5.956752683996456,1
5.957147198001621,0
5.957860466995044,1
5.958272498974111,0
5.9589817129890434,1
5.959434595977655,0
5.960145457996987,1
5.960560452978825,0
5.961275499983458,1
5.961681957996916,0
5.962389430991607,1
5.962802592985099,0
5.963525879982626,1
5.9639410419913474,0
5.964655310992384,1
5.9650690279959235,0
5.966384826984722,1
5.966877968981862,0
5.967605385987554,1
5.968021677981596,0
5.968743186997017,1
5.969163126981584,0
5.969876247982029,1
5.970287723990623,0
5.971001659985632,1
5.971417635999387,0
5.972146645974135,1
5.972578232991509,0
5.973307835985906,1
5.973730515979696,0
5.97449598798994,1
5.974914500984596,0
5.975644973979797,1
5.976061172987102,0
5.976787405001232,1
5.977209695993224,0
5.977930519991787,1
5.978351311990991,0
5.979047524975613,1
5.979466723976657,0
5.980219325982034,1
5.980631432001246,0
5.981354219984496,1
5.981772806990193,0
5.982765757973539,1
5.983141271979548,0
5.983861411979888,1
5.984283924975898,0
5.985006582981441,1
5.985417744988808,0
5.986126513977069,1
5.986534378986107,0
5.987267610995332,1
5.987673679977888,0
5.988392874976853,1
5.988811017974513,0
5.990077983995434,1
5.990491108997958,0
5.992274179996457,1
5.992689915990923,0
5.993412980984431,1
5.993824271979975,0
5.9945311159826815,1
5.994936481001787,0
5.995645027986029,1
5.996067522995872,0
5.996778902976075,1
5.997186601976864,0
5.997893870982807,1
5.998301365994848,0
5.999009171995567,1
5.999547220999375,0
6.000312119984301,1
6.000758132984629,0
6.001499086996773,1
6.001951469981577,0
6.002865477988962,1
6.0044315139821265,0
6.00518926398945,1
6.005589332984528,0
6.006360286992276,1
6.006759300973499,0
6.007515865989262,1
6.007958359987242,0
6.008762721001403,1
6.009207826980855,0
6.009989557991503,1
6.0104515709972475,0
6.011186505988007,1
6.01173162899795,0
6.012484638980823,1
6.012963928980753,0
6.013710845989408,1
6.014157173980493,0
6.014890758000547,1
6.0153361599950586,0
6.016080631990917,1
6.016516478994163,0
6.0172623219841626,1
6.017705482983729,0
6.018448752001859,1
6.018883875978645,0
6.020344839984318,1
6.020846333994996,0
6.021624323999276,1
6.022071707993746,0
6.0227838099817745,1
6.023210174986161,0
6.023942406987771,1
6.024371549981879,0
6.025092744996073,1
6.025508943974273,0
6.026231916999677,1
6.026649651990738,0
6.027425735985162,1
6.027839989983477,0
6.028583683975739,1
6.029003382980591,0
6.031120339001063,1
6.031595110980561,0
6.032334286981495,1
6.032879780977964,0
6.033549253974343,1
6.034305762994336,0
6.035150196985342,1
6.035582507000072,0
6.036317516991403,1
6.036748344980879,0
6.037493705982342,1
6.037942052993458,0
6.038690209999913,1
6.0391206679923926,0
6.039857954980107,1
6.040286227973411,0
6.041028885985725,1
6.041471194999758,0
6.042215926980134,1
6.042643513996154,0
6.043371375999413,1
6.043798055994557,0
6.044544490985572,1
6.044967837980948,0
6.045978825975908,1
6.046400486986386,0
6.047188495984301,1
6.0476216199749615,0
6.0483432409819216,1
6.048766587977298,0
6.049488875985844,1
6.049918851989787,0
6.050647231983021,1
6.051074170973152,0
6.051808976975735,1
6.052235989976907,0
6.052961684996262,1
6.053379902994493,0
6.054104448994622,1
6.054532276990358,0
6.055252175981877,1
6.055679059994873,0
6.056405587994959,1
6.056834545976017,0
6.057572851976147,1
6.058020716998726,0
6.058757281978615,1
6.059189313993556,0
6.059912582975812,1
6.060333502973663,0
6.061058549996233,1
6.0614765450009145,0
6.062202961998992,1
6.0626229759946,0
6.063348503987072,1
6.063773627975024,0
6.064508379000472,1
6.064937002985971,0
6.0656585689866915,1
6.066087211976992,0
6.066920756973559,1
6.067353288992308,0
6.068084242986515,1
6.068520718981745,0
6.069274894980481,1
6.069714741985081,0
6.070437917980598,1
6.070856006001122,0
6.071651088976068,1
6.072065823973389,0
6.072764056996675,1
6.073164866975276,0
6.073854505986674,1
6.074237686989363,0
6.075049491977552,1
6.075472356984392,0
6.076194921974093,1
6.076692952978192,0
6.077420407993486,1
6.077826957975049,0
6.078531375998864,1
6.0789226299966685,0
6.079624102974776,1
6.080030208977405,0
6.0807479599898215,1
6.081134102976648,0
6.081877167976927,1
6.082307403994491,0
6.083061838988215,1
6.084450395981548,0
6.0852029800007585,1
6.085639714990975,0
6.086358706990723,1
6.086790720000863,0
6.087515432998771,1
6.087972743000137,0
6.088708288996713,1
6.089160246978281,0
6.08990508998977,1
6.090337917994475,0
6.091061704995809,1
6.09149501498905,0
6.09222719099489,1
6.092648611986078,0
6.093377047975082,1
6.0937998199951835,0
6.094534458999988,1
6.094955362001201,0
6.09567531599896,1
6.096104365977226,0
6.096821079991059,1
6.097248740989016,0
6.098005028994521,1
6.098433022998506,0
6.0991596809763,1
6.09958874998847,0
6.100337147974642,1
6.100786494993372,0
6.101515449001454,1
6.101938406995032,0
6.102644323982531,1
6.10310874399147,0
6.103827087994432,1
6.104250526987016,0
6.104968111001654,1
6.105378494976321,0
6.106093800975941,1
6.107214083982399,0
6.1079261119884904,1
6.108339143975172,0
6.109072967985412,1
6.109486629982712,0
6.110209287988255,1
6.111742009990849,0
6.112469056999544,1
6.11290106998058,0
6.113626820995705,1
6.114053592988057,0
6.114796639973065,1
6.116391916992143,0
6.117126888973871,1
6.117562254978111,0
6.118314559978899,1
6.118744054983836,0
6.119470990990521,1
6.119898059987463,0
6.120632901991485,1
6.121064174978528,0
6.121790499979397,1
6.122217679978348,0
6.1229495229781605,1
6.123388164996868,0
6.1241311929770745,1
6.124565058998996,0
6.1253269749868196,1
6.125762950978242,0
6.126508904999355,1
6.126944473973708,0
6.1276905949926,1
6.128142477973597,0
6.128897116985172,1
6.129328685987275,0
6.130078750982648,1
6.130513041978702,0
6.131256384978769,1
6.131683157000225,0
6.132405574986478,1
6.132821106992196,0
6.133574726991355,1
6.1339960919867735,0
6.134728509001434,1
6.135157763987081,0
6.135879828972975,1
6.13631702697603,0
6.137025832984364,1
6.137444809981389,0
6.138165856973501,1
6.1385902959736995,0
6.139320046000648,1
6.139739040983841,0
6.14045156998327,1
6.140864082990447,0
6.141576964000706,1
6.142001050990075,0
6.142730819992721,1
6.143150074000005,0
6.14387480597361,1
6.144283596979221,0
6.144998403993668,1
6.145409194985405,0
6.146116815973073,1
6.14652514399495,0
6.147239653975703,1
6.147648278973065,0
6.148361028986983,1
6.148775505978847,0
6.149497552978573,1
6.1499079179775435,0
6.150638501974754,1
6.151049440988572,0
6.151762561989017,1
6.152210982982069,0
6.152946732996497,1
6.153487818985013,0
6.154227735998575,1
6.154672952980036,0
6.155397333001019,1
6.155811698001344,0
6.156536818976747,1
6.156953258992871,0
6.157666232000338,1
6.158083577989601,0
6.1588086069968995,1
6.1592219159938395,0
6.159940851997817,1
6.160365439980524,0
6.161094522976782,1
6.161516647989629,0
6.162252082984196,1
6.162674651975976,0
6.163397698983317,1
6.163822878996143,0
6.164546555984998,1
6.16495847699116,0
6.165662411978701,1
6.166069389000768,0
6.166773768985877,1
6.171084253990557,0
6.17180820798967,1
6.172231832984835,0
6.172955305984942,1
6.173376577993622,0
6.174120921001304,1
6.1745368049887475,0
6.176274061988806,1
6.17669301998103,0
6.177976873994339,1
6.178408720996231,0
6.179128267976921,1
6.179546743980609,0
6.180231976992218,1
6.181215038988739,0
6.181934159976663,1
6.182351302995812,0
6.183072349987924,1
6.183494066994172,0
6.184211779996986,1
6.184622422995744,0
6.18532924799365,1
6.185910240979865,0
6.186746100982418,1
6.187159319000784,0
6.187871272995835,1
6.188252712978283,0
6.188974425982451,1
6.18939138398855,0
6.190116911981022,1
6.190531332977116,0
6.1912201209925115,1
6.191690170991933,0
6.192409643990686,1
6.192829379986506,0
6.193541426997399,1
6.1939498290012125,0
6.194656856998336,1
6.195073703973321,0
6.195849490992259,1
6.196202912979061,0
6.197007328999462,1
6.197329880989855,0
6.198047815996688,1
6.1984686999931,0
6.1991883579758,1
6.199686684994958,0
6.20041699099238,1
6.200830763991689,0
6.201539755973499,1
6.201945676992182,0
6.202650297986111,1
6.20306058897404,0
6.2037508209759835,1
6.204160871973727,0
6.204876584990416,1
6.205296339991037,0
6.20611975598149,1
6.206538490980165,0
6.207253222994041,1
6.207683958986308,0
6.208408765000058,1
6.208828333998099,0
6.210519720974844,1
6.210942678997526,0
6.21166935499059,1
6.212083330989117,0
6.21280593398842,1
6.213221983984113,0
6.213947271986399,1
6.214364118990488,0
6.215076647000387,1
6.215496548975352,0
6.216219725989504,1
6.216647683992051,0
6.217356452980312,1
6.2177798920019995,0
6.2185125869873445,1
6.218928210990271,0
6.2196422400011215,1
6.220052901975578,0
6.2207590409961995,1
6.221166239993181,0
6.221875767980237,1
6.222282337985234,0
6.2229917729855515,1
6.2234379349974915,0
6.224158017983427,1
6.224568494973937,0
6.2253034679743,1
6.225741369999014,0
6.226774579001358,1
6.227183814975433,0
6.227908954984741,1
6.2283327269833535,0
6.229065940977307,1
6.229440676979721,0
6.230172611976741,1
6.230977750994498,0
6.231705000973307,1
6.232127606985159,0
6.232882523996523,1
6.233308907976607,0
6.234049342980143,1
6.23446946797776,0
6.235203124990221,1
6.235669526999118,0
6.236409462988377,1
6.236884308978915,0
6.238335235975683,1
6.238758897001389,0
6.239478017989313,1
6.239893105986994,0
6.240626207989408,1
6.241054072976112,0
6.2417896749975625,1
6.242208558978746,0
6.242938494979171,1
6.243379303981783,0
6.244105183985084,1
6.244531882985029,0
6.245250743988436,1
6.245667072973447,0
6.246385026985081,1
6.246803910995368,0
6.248146560974419,1
6.248558851977577,0
6.249265158985509,1
6.249678097985452,0
6.250384607992601,1
6.250790991995018,0
6.251496020995546,1
6.251902663992951,0
6.252606414986076,1
6.253013279987499,0
6.253718419990037,1
6.254122562997509,0
6.2548289989936166,1
6.255239067977527,0
6.256311109988019,1
6.256746993982233,0
6.257448688993463,1
6.25787014697562,0
6.258842782990541,1
6.25926887098467,0
6.259960917988792,1
6.260373801982496,0
6.261081959994044,1
6.261487473995658,0
6.262206964980578,1
6.2626181449741125,0
6.263326877000509,1
6.263733519997913,0
6.264437733974773,1
6.264847043988993,0
6.26575305199367,1
6.2661123989964835,0
6.267523603979498,1
6.267939765995834,0
6.268646201991942,1
6.269054381991737,0
6.269758965994697,1
6.270165053982055,0
6.270868674997473,1
6.271275724982843,0
6.2719807169924024,1
6.272390989994165,0
6.273099499987438,1
6.273523901996668,0
6.2745133159914985,1
6.274945624987595,0
6.275671190989669,1
6.276094981993083,0
6.276784435991431,1
6.277210449974518,0
6.277876922977157,1
6.278298750985414,0
6.279172295995522,1
6.279591550992336,0
6.280317207972985,1
6.280744239978958,0
6.281466249987716,1
6.28187607799191,0
6.282586495974101,1
6.2829988609883,0
6.283693592995405,1
6.284114291978767,0
6.285362055001315,1
6.285790067980997,0
6.28651248497772,1
6.286932831979357,0
6.287645582982805,1
6.288056003977545,0
6.291074466978898,1
6.291492313990602,0
6.292210230982164,1
6.292623392975656,0
6.293340124975657,1
6.293749100994319,0
6.294454295973992,1
6.294865827978356,0
6.295573411975056,1
6.2959777409851085,0
6.296688083995832,1
6.297097208997002,0
6.297886791988276,1
6.298293823987478,0
6.299004648986738,1
6.299413717992138,0
6.300136449979618,1
6.300557370996103,0
6.301283620996401,1
6.301703615987208,0
6.302431199990679,1
6.302843916986603,0
6.3038380349753425,1
6.304265806975309,0
6.305013038974721,1
6.305431107990444,0
6.306149561976781,1
6.306564093974885,0
6.307276993000414,1
6.307687561988132,0
6.308402441994986,1
6.30881391899311,0
6.309583464986645,1
6.30999336700188,0
6.3107122289948165,1
6.3111287799838465,0
6.311844159994507,1
6.312258709978778,0
6.312973386986414,1
6.313384326000232,0
6.314083021978149,1
6.314469683973584,0
6.315196489973459,1
6.315616929001408,0
6.31633797599352,1
6.316752210987033,0
6.3186146520019975,1
6.319071719975909,0
6.319792211987078,1
6.320162577991141,0
6.320856865000678,1
6.321259619988268,0
6.32197588897543,1
6.3223957539885305,0
6.323129578988301,1
6.3235134259739425,0
6.3241971579845995,1
6.324599208979635,0
6.325313347973861,1
6.325731288001407,0
6.3264417049940675,1
6.326852477999637,0
6.3275525809731334,1
6.327918520983076,0
6.328612993995193,1
6.329058821982471,0
6.329734442988411,1
6.330203622987028,0
6.330922131979605,1
6.331422107992694,0
6.3321405989991035,1
6.332513317000121,0
6.3332245299825445,1
6.33364693299518,0
6.33433729497483,1
6.334717511985218,0
6.335436244000448,1
6.335821202985244,0
6.3366063779976685,1
6.336994558980223,0
6.337706734979292,1
6.338118118990678,0
6.339051866991213,1
6.339479935995769,0
6.340196982986527,1
6.340618866990553,0
6.341475615976378,1
6.341891074000159,0
6.342605379992165,1
6.343048540991731,0
6.343772494990844,1
6.344188267976278,0
6.344900222000433,1
6.345308587973705,0
6.34602761597489,1
6.3464423149998765,0
6.347162990976358,1
6.347576059983112,0
6.348283551982604,1
6.348690342972986,0
6.349397833982948,1
6.349805236997781,0
6.35050378399319,1
6.350884741987102,0
6.351605084986659,1
6.351989746995969,0
6.352711535000708,1
6.353120585990837,0
6.35382761398796,1
6.354263534973143,0
6.354972970992094,1
6.355379168991931,0
6.356084178987658,1
6.356490729987854,0
6.357199720980134,1
6.357607660989743,0
6.358315299992682,1
6.358722591976402,0
6.359431119984947,1
6.359839040989755,0
6.36055488398415,1
6.361022693978157,0
6.361733369994909,1
6.362156920979032,0
6.362866041978123,1
6.363292517984519,0
6.364709759975085,1
6.365135643980466,0
6.365849967987742,1
6.366263055999298,0
6.367007250984898,1
6.3674240419932175,0
6.368145625980105,1
6.368554546992527,0
6.369267537986161,1
6.369689884973923,0
6.370377598999767,1
6.371060145989759,0
6.371780896995915,1
6.372194187977584,0
6.372910437989049,1
6.373387228988577,0
6.374093460995937,1
6.374511548987357,0
6.375236298976233,1
6.375640719983494,0
6.376569041982293,1
6.377008629991906,0
6.377727398998104,1
6.378147985989926,0
6.378824736981187,1
6.379243824980222,0
6.379981407982996,1
6.380739954998717,0
6.381453038979089,1
6.381862459995318,0
6.382566024985863,1
6.383157648000633,0
6.383875453990186,1
6.384375002991874,0
6.385083234985359,1
6.385489563981537,0
6.386217906983802,1
6.386672271997668,0
6.387358412001049,1
6.387742628983688,0
6.388439898000797,1
6.388826208974933,0
6.389548421982909,1
6.391096013976494,0
6.3917996539967135,1
6.392215796979144,0
6.392934158997377,1
6.3933475429948885,0
6.3940766629821155,1
6.394499046989949,0
6.395216204982717,1
6.395656403998146,0
6.396389838977484,1
6.396804333984619,0
6.397716526989825,1
6.3981273739773314,0
6.398831512982724,1
6.399240637983894,0
6.400005146977492,1
6.400412975985091,0
6.401116688997718,1
6.401523443986662,0
6.402229490980972,1
6.40263400398544,0
6.40334005097975,1
6.4037470649927855,0
6.404453148978064,1
6.4048581069801,0
6.405574264994357,1
6.4059920930012595,0
6.406696750986157,1
6.407109875988681,0
6.407789496995974,1
6.408213380986126,0
6.408900501992321,1
6.4092868680018,0
6.409981434000656,1
6.410393261990976,0
6.411102104990277,1
6.411534636979923,0
6.4122360549808946,1
6.412657382985344,0
6.413526760996319,1
6.413999717973638,0
6.4147142469882965,1
6.415124130988261,0
6.4158226040017325,1
6.41621813600068,0
6.416925256984541,1
6.4173162519873586,0
6.418028169980971,1
6.418436201987788,0
6.419126859982498,1
6.41950794798322,0
6.420225827983813,1
6.4206379339739215,0
6.421348184987437,1
6.421755086979829,0
6.422472430975176,1
6.422878443991067,0
6.423586916993372,1
6.4239982449798845,0
6.424714865977876,1
6.4250996579939965,0
6.425789612985682,1
6.426173718995415,0
6.4268941179907415,1
6.427302075986518,0
6.428010788979009,1
6.428420913987793,0
6.429137571976753,1
6.429529640998226,0
6.430239224981051,1
6.430622794985538,0
6.431334267981583,1
6.431741817999864,0
6.432447457977105,1
6.432866767980158,0
6.433573054993758,1
6.433984957984649,0
6.4346662829921115,1
6.435077814996475,0
6.435789379989728,1
6.436203856981592,0
6.437100475974148,1
6.437397008994594,0
6.438118425983703,1
6.438535587978549,0
6.439257189980708,1
6.439640147989849,0
6.440322547976393,1
6.440708727983292,0
6.441393811983289,1
6.441776141000446,0
6.442482335987734,1
6.442888367979322,0
6.443596914992668,1
6.4440097069891635,0
6.444716549973236,1
6.445129396975972,0
6.445836684986716,1
6.446243901998969,0
6.446956022991799,1
6.447408813983202,0
6.448125322989654,1
6.448536299983971,0
6.449247142998502,1
6.449654397991253,0
6.450362073985161,1
6.4507729949837085,0
6.451669002999552,1
6.452082497999072,0
6.453290630975971,1
6.4536962369747926,0
6.454406709992327,1
6.454863556980854,0
6.455575214989949,1
6.455983449995983,0
6.4566987569851335,1
6.457120232982561,0
6.458148886973504,1
6.45854941898142,0
6.45926478097681,1
6.45967851698515,0
6.460408896993613,1
6.460894538991852,0
6.461625400988851,1
6.462140042975079,0
6.462852959986776,1
6.463324935990386,0
6.4640424819954205,1
6.464452699990943,0
6.465272078989074,1
6.465687795978738,0
6.466386916988995,1
6.466844373993808,0
6.46770197499427,1
6.468124210980022,0
6.46884633199079,1
6.469228326983284,0
6.470096908975393,1
6.470516570989275,0
6.4712306179862935,1
6.471642575983424,0
6.4723515669757035,1
6.472738172975369,0
6.473428960976889,1
6.473811104980996,0
6.474529077997431,1
6.47506647897535,0
6.475798876985209,1
6.476223501987988,0
6.47692934499355,1
6.4773399510013405,0
6.4780566089903004,1
6.478458603989566,0
6.4791652809944935,1
6.47957307199249,0
6.480278100993019,1
6.480686835973756,0
6.481397345982259,1
6.481788859993685,0
6.4824963139835745,1
6.482900623988826,0
6.483743317978224,1
6.484182089974638,0
6.484974839986535,1
6.485412463982357,0
6.486201602994697,1
6.486572431982495,0
6.487257367989514,1
6.487676399992779,0
6.488686294993386,1
6.489115678996313,0
6.489804966986412,1
6.490177665982628,0
6.490879545977805,1
6.4912824489874765,0
6.492004272993654,1
6.492407953977818,0
6.493182832986349,1
6.4936079579929356,0
6.494309041998349,1
6.494726926001022,0
6.495449287001975,1
6.4958822629996575,0
6.496561439998914,1
6.496984305995284,0
6.497696426988114,1
6.498139457980869,0
6.498850541975116,1
6.499248351989081,0
6.499966046976624,1
6.5003946159849875,0
6.501113755977713,1
6.501522916980321,0
6.502442425000481,1
6.502812512975652,0
6.503533262992278,1
6.503971701982664,0
6.5046414169773925,1
6.50505528197391,0
6.50576888397336,1
6.506186397979036,0
6.50688399997307,1
6.507299050979782,0
6.508074190001935,1
6.5084928139986005,0
6.509223841974745,1
6.509639096999308,0
6.510361957974965,1
6.510739990975708,0
6.511548832990229,1
6.5119611239933874,0
6.512735133001115,1
6.51317668298725,0
6.5138960639887955,1
6.51430141099263,0
6.515045364998514,1
6.5154496189788915,0
6.5161590359930415,1
6.516556438989937,0
6.517265781993046,1
6.517659906996414,0
6.518352175975451,1
6.518736356985755,0
6.51945549598895,1
6.519855694990838,0
6.520580426993547,1
6.520993699989049,0
6.521731134998845,1
6.522149074997287,0
6.522839677985758,1
6.523250246973475,0
6.523938348982483,1
6.524322104000021,0
6.52503139199689,1
6.525413868977921,0
6.526105952973012,1
6.526515465986449,0
6.527204327983782,1
6.5276196749764495,0
6.528332147980109,1
6.528740586974891,0
6.52944380097324,1
6.5298544629768,0
6.530564768996555,1
6.530971264000982,0
6.531675495993113,1
6.53207886198652,0
6.5327836869983,1
6.533189977984875,0
6.533896154985996,1
6.53430309399846,0
6.535029973980272,1
6.535432894976111,0
6.536114868998993,1
6.53650702998857,0
6.537203688989393,1
6.5376121279841755,0
6.538348507980118,1
6.538752355001634,0
6.539695824991213,1
6.540117486991221,0
6.540859847998945,1
6.541280620993348,0
6.542002407979453,1
6.542384995991597,0
6.543102561990963,1
6.54351972299628,0
6.544239973998629,1
6.544656338985078,0
6.545374829991488,1
6.545791102980729,0
6.5465235939773265,1
6.546907792973798,0
6.547624802973587,1
6.5480081499845255,0
6.548734789976152,1
6.549126728990814,0
6.550609377998626,1
6.551043187995674,0
6.554208445973927,1
6.554628015001072,0
6.555311635980615,1
6.5557054829841945,0
6.556445473979693,1
6.556948190002004,0
6.5576585329836234,1
6.558066694997251,0
6.558773630997166,1
6.559186551981838,0
6.559891635988606,1
6.560304074984742,0
6.561064880981576,1
6.5614826349774376,0
6.562199792999309,1
6.563068448973354,0
6.563774273992749,1
6.564783076988533,0
6.565511900989804,1
6.565914618986426,0
6.566637794981943,1
6.567057474981993,0
6.56777320697438,1
6.568186869000783,0
6.568910748988856,1
6.569331354985479,0
6.570058049983345,1
6.570476414985023,0
6.5711911659745965,1
6.571603845979553,0
6.572314799996093,1
6.572724591998849,0
6.573430915974313,1
6.5738336889771745,0
6.574544365983456,1
6.57494186097756,0
6.57565433398122,1
6.576063977001468,0
6.576846411975566,1
6.57725524000125,0
6.577977990993531,1
6.578395077987807,0
6.5791316620016005,1
6.579522230982548,0
6.58024529699469,1
6.580873270984739,0
6.581614242983051,1
6.5820332749863155,0
6.5827725249982905,1
6.583158280001953,0
6.583973232976859,1
6.584390246978728,0
6.585378974996274,1
6.585868617985398,0
6.586587072000839,1
6.587256618979154,0
6.587958221993176,1
6.588380771980155,0
6.58909996697912,1
6.589493795996532,0
6.590197120996891,1
6.5906007640005555,0
6.5913159959891345,1
6.591732990986202,0
6.592534758994589,1
6.592954512976576,0
6.593684059975203,1
6.5941041100013535,0
6.594816323980922,1
6.595243225980084,0
6.595958272984717,1
6.596377026988193,0
6.597087573987665,1
6.597773454996059,0
6.598493834986584,1
6.599046383984387,0
6.599759245989844,1
6.600185702991439,0
6.600894083996536,1
6.6013040599937085,0
6.60201431097812,1
6.602427805977641,0
6.603140352992341,1
6.603550569998333,0
6.604351485992083,1
6.604743536998285,0
6.60545636198367,1
6.605868967977585,0
6.606576866994146,1
6.606986990984296,0
6.607695000973763,1
6.608101051999256,0
6.608810505975271,1
6.60921963097644,0
6.610135119990446,1
6.6105559849820565,0
6.61128012498375,1
6.611700859997654,0
6.612429239990888,1
6.612854865001282,0
6.613576114992611,1
6.613999109977158,0
6.614719026983948,1
6.615133614977822,0
6.6158441249863245,1
6.6162586939753965,0
6.616967129986733,1
6.617376253998373,0
6.618082319997484,1
6.618486833001953,0
6.6191706209792756,1
6.619580838974798,0
6.620291607978288,1
6.6206972879881505,0
6.621403001976432,1
6.621810477983672,0
6.622517173993401,1
6.622921927977586,0
6.6236361599876545,1
6.624044617987238,0
6.624754757998744,1
6.6251608449965715,0
6.625900372979231,1
6.626279460993828,0
6.627332614996703,1
6.627753479988314,0
6.628476471989416,1
6.629566920979414,0
6.630292912974255,1
6.6307095929805655,0
6.631469564978033,1
6.631822597992141,0
6.632548421999672,1
6.6329614729911555,0
6.633669223985635,1
6.6346772849792615,0
6.635397757985629,1
6.635807400976773,0
6.63658316998044,1
6.636985719989752,0
6.637701063998975,1
6.638114872999722,0
6.63882873498369,1
6.639238451985875,0
6.640116404974833,1
6.6406766019936185,0
6.641442795982584,1
6.641908364981646,0
6.642620170983719,1
6.643090868979925,0
6.6437987859826535,1
6.6442071329802275,0
6.644910049973987,1
6.645319933973951,0
6.646026980975876,1
6.646471919986652,0
6.647142745991005,1
6.647550258989213,0
6.648257675988134,1
6.64866139399237,0
6.6493729959765915,1
6.649778342980426,0
6.65048409398878,1
6.650886644987622,0
6.65159774699714,1
6.6520065759832505,0
6.65271456699702,1
6.653123672993388,0
6.6538298499945085,1
6.654235122987302,0
6.654941595974378,1
6.655350460991031,0
6.65605626697652,1
6.65646403998835,0
6.657171439001104,1
6.657578044978436,0
6.658284406992607,1
6.6589388249849435,0
6.659659111988731,1
6.660078180982964,0
6.660785524989478,1
6.661195259977831,0
6.661902621999616,1
6.662310561980121,0
6.663037533988245,1
6.663669674977427,0
6.66437883299659,1
6.664785901986761,0
6.665493578999303,1
6.6659002029919066,0
6.66661054699216,1
6.6670303189894184,0
6.667738699994516,1
6.668162157991901,0
6.668875481991563,1
6.669284199975664,0
6.669993413001066,1
6.670401629991829,0
6.671106584981317,1
6.671513227978721,0
6.672216423001373,1
6.6726235849782825,0
6.6733257429732475,1
6.673732293973444,0
6.674438469985034,1
6.674843613989651,0
6.675548512983369,1
6.675999562983634,0
6.676672776986379,1
6.6771087529778015,0
6.677816504001385,1
6.67823046198464,0
6.678938415978337,1
6.679350614984287,0
6.6800560129922815,1
6.680462267977418,0
6.681169962976128,1
6.681576420989586,0
6.68228363498929,1
6.68269105599029,0
6.683398472989211,1
6.683802541985642,0
6.684511125989957,1
6.684920472995145,0
6.685622908989899,1
6.6860309039766435,0
6.686737894982798,1
6.687146112992195,0
6.687854844989488,1
6.688264209980844,0
6.688968904985813,1
6.689365381986136,0
6.690072132973,1
6.690480664983625,0
6.691191174992127,1
6.691600373975234,0
6.692309475998627,1
6.692716785997618,0
6.693426036974415,1
6.693832402001135,0
6.694542578974506,1
6.694947906973539,0
6.69565710198367,1
6.696061041991925,0
6.696793143986724,1
6.697178324975539,0
6.697886945999926,1
6.698296903981827,0
6.6990038020012435,1
6.6994103899924085,0
6.7001170849835034,1
6.700521709979512,0
6.701227200974245,1
6.701634547993308,0
6.702339891984593,1
6.702744904992869,0
6.703451859997585,1
6.703859187982744,0
6.704561234975699,1
6.704979155998444,0
6.705684758984717,1
6.706104382988997,0
6.70681348600192,1
6.707221869990462,0
6.707928267976968,1
6.708334875002038,0
6.709039698995184,1
6.709444490988972,0
6.710151815001154,1
6.710557161975885,0
6.711263060977217,1
6.711669426993467,0
6.712372602982214,1
6.712779727997258,0
6.7134848309797235,1
6.713890343991807,0
6.714594890974695,1
6.715001071977895,0
6.715705729991896,1
6.716111835994525,0
6.716819530993234,1
6.717228081979556,0
6.717933368985541,1
6.718338697974104,0
6.719038966984954,1
6.7198809379769955,0
6.720592614990892,1
6.721004090999486,0
6.721710174984764,1
6.722116373974131,0
6.7228289579798,1
6.723240378982155,0
6.72395179598243,1
6.724366327980533,0
6.725193688995205,1
6.725637868978083,0
6.7263585079927,1
6.726757743977942,0
6.7275150129862595,1
6.727931155997794,0
6.728664386988385,1
6.729076696996344,0
6.729781540983822,1
6.730187498993473,0
6.730892526975367,1
6.731299336999655,0
6.73221251097857,1
6.732623301999411,0
6.733330424001906,1
6.7337362519756425,0
6.7344405579788145,1
6.734845831000712,0
6.735551470977953,1
6.735957780998433,0
6.736666290991707,1
6.737076136982068,0
6.737783295975532,1
6.738188771996647,0
6.738891522982158,1
6.739301072986564,0
6.740007508982671,1
6.740423281997209,0
6.741136013995856,1
6.741544897988206,0
6.742323351994855,1
6.742730883997865,0
6.743440133985132,1
6.743846184981521,0
6.744549916998949,1
6.744959374977043,0
6.745660051994491,1
6.74606775099528,0
6.746774260973325,1
6.747184236999601,0
6.747889376973035,1
6.7482963349903,0
6.7489991409820504,1
6.749406950984849,0
6.750109923974378,1
6.750516677973792,0
6.751223391998792,1
6.751629960985156,0
6.752332766976906,1
6.752740576979704,0
6.753444790985668,1
6.753849841974443,0
6.754554573999485,1
6.7549596059834585,0
6.755670319980709,1
6.756078054982936,0
6.75678515798063,1
6.75735489197541,0
6.757902940997155,1
6.75830958399456,0
6.75905861199135,1
6.75947162497323,0
6.760176875977777,1
6.760583111987216,0
6.761288084991975,1
6.761692634987412,0
6.762398367980495,1
6.762804232974304,0
6.763509520998923,1
6.763916719995905,0
6.76462206299766,1
6.765027057990665,0
6.765733623993583,1
6.766138266975759,0
6.766845442994963,1
6.767255215992918,0
6.767962299985811,1
6.76836810997338,0
6.769072767987382,1
6.769477262976579,0
6.770184087974485,1
6.770588193990989,0
6.771296777995303,1
6.771701772988308,0
6.772404745977838,1
6.772811296978034,0
6.773516325978562,1
6.7739204870013054,0
6.774579035001807,1
6.774976825981867,0
6.7756815959874075,1
6.776115200977074,0
6.776823062973563,1
6.777235594985541,0
6.777944475994445,1
6.778349934000289,0
6.779027202981524,1
6.779434123978717,0
6.7801418749731965,1
6.780551239993656,0
6.781284712982597,1
6.781690614996478,0
6.782400661992142,1
6.782805860973895,0
6.783515333983814,1
6.783921273978194,0
6.784624672000064,1
6.7850293339870404,0
6.785735399986152,1
6.786139801988611,0
6.786848015995929,1
6.787258621974615,0
6.787962816975778,1
6.788369811984012,0
6.789074506988982,1
6.789478150982177,0
6.790184179000789,1
6.790588840987766,0
6.791296331997728,1
6.791700419998961,0
6.792405392974615,1
6.792813332984224,0
6.793517601996427,1
6.793921892996877,0
6.794627606985159,1
6.795030045992462,0
6.79573200098821,1
6.796137458994053,0
6.79684387598536,1
6.797253815981094,0
6.798258266993798,1
6.7986669469974,0
6.799373530986486,1
6.799779692984885,0
6.800484572973801,1
6.800891752995085,0
6.8015974479785655,1
6.802002072974574,0
6.802704860980157,1
6.803114744980121,0
6.803818272979697,1
6.804223878978519,0
6.804928759986069,1
6.8053357919852715,0
6.8060404129792005,1
6.806445426977007,0
6.807154361973517,1
6.807561782974517,0
6.808266385982279,1
6.808669121994171,0
6.809378723992268,1
6.809787367994431,0
6.8104931179841515,1
6.810897409974132,0
6.8116025119961705,1
6.812009229994146,0
6.812714424973819,1
6.8131220679788385,0
6.813823929987848,1
6.814232202974381,0
6.814934730995446,1
6.815340762987034,0
6.816048087988747,1
6.816453545994591,0
6.817160685983254,1
6.8175684029993135,0
6.818274967983598,1
6.818681185977766,0
6.819385935988976,1
6.81979311699979,0
6.820498552988283,1
6.820904436986893,0
6.821610168990446,1
6.8220149419794325,0
6.822719117975794,1
6.823125798982801,0
6.823833011992974,1
6.824236932996428,0
6.824941498984117,1
6.825348400976509,0
6.82605176299694,1
6.826459813979454,0
6.827168527001049,1
6.827575188974151,0
6.828284087998327,1
6.828688934998354,0
6.829393073974643,1
6.829801107000094,0
6.830506245983997,1
6.830912666977383,0
6.8316248069750145,1
6.832040708977729,0
6.83320967599866,1
6.833621967991348,0
6.834326792974025,1
6.834732472983887,0
6.835439037997276,1
6.835845143999904,0
6.836553876986727,1
6.836963037989335,0
6.837672547990223,1
6.838083654001821,0
6.838789793982869,1
6.839196936984081,0
6.839903594984207,1
6.8403093309898395,0
6.841015766985947,1
6.841424318001373,0
6.842130178993102,1
6.842537525983062,0
6.8432445359940175,1
6.843651993985986,0
6.844358096976066,1
6.8447630729933735,0
6.845468934974633,1
6.845875170984073,0
6.846584680984961,1
6.846992286999011,0
6.847700407990487,1
6.848108569975011,0
6.848812783980975,1
6.849217668001074,0
6.849923565983772,1
6.850331024994375,0
6.851035533996765,1
6.851447195978835,0
6.852150353981415,1
6.852556682977593,0
6.853262581978925,1
6.853667909977958,0
6.854373308975482,1
6.854777821979951,0
6.8554882209864445,1
6.855894623993663,0
6.856604336993769,1
6.85701305497787,0
6.85771734197624,1
6.858125262981048,0
6.858829032978974,1
6.8592365279910155,0
6.859943944989936,1
6.860347698995611,0
6.861052079999354,1
6.861458611994749,0
6.8621646399842575,1
6.862574542989023,0
6.863300515979063,1
6.86371197400149,0
6.864415964984801,1
6.864823515992612,0
6.865527025976917,1
6.865933446999406,0
6.86664301197743,1
6.867188004980562,0
6.8679029409831855,1
6.868313972983742,0
6.869019945996115,1
6.869426625984488,0
6.870137524994789,1
6.8705446679960005,0
6.871248066978296,1
6.871653950976906,0
6.872360276000109,1
6.872764418978477,0
6.87347179997596,1
6.873879794991808,0
6.874585007986752,1
6.87500348497997,0
6.875712198001565,1
6.876121470995713,0
6.8768325919809286,1
6.877240494999569,0
6.877945152984466,1
6.878354832995683,0
6.879063620988745,1
6.880398585984949,0
6.881121521990281,1
6.881531127990456,0
6.882241563987918,1
6.882658669986995,0
6.883521825977368,1
6.883946987974923,0
6.884656885988079,1
6.885065158974612,0
6.885775224975077,1
6.886184422997758,0
6.886897414980922,1
6.887314983992837,0
6.888147232995834,1
6.888563357992098,0
6.88927325597615,1
6.889678973995615,0
6.89038291000179,1
6.890790830977494,0
6.89149465499213,1
6.89190177997807,0
6.892606900975807,1
6.893012821994489,0
6.893717498984188,1
6.8941279009741265,0
6.894842615001835,1
6.895251276990166,0
6.895957360975444,1
6.896368169982452,0
6.897075772983953,1
6.8974830269871745,0
6.898190407984657,1
6.8985986249754205,0
6.899305319995619,1
6.899710629979381,0
6.9004151949775405,1
6.900821004994214,0
6.901525403984124,1
6.901937509974232,0
6.902644057001453,1
6.903026237996528,0
6.90372846997343,1
6.904137983976398,0
6.904840511997463,1
6.905245192989241,0
6.905953850975493,1
6.906361271976493,0
6.907026374974521,1
6.907433480984764,0
6.9081402129959315,1
6.908545318990946,0
6.9092510699993,1
6.909657008975046,0
6.910366629977943,1
6.910771791997831,0
6.911486023978796,1
6.911892537988024,0
6.912598511000397,1
6.913004820991773,0
6.913709163985914,1
6.914115214982303,0
6.914819890982471,1
6.9152280720009,0
6.915938395977719,1
6.916346261976287,0
6.917054919991642,1
6.9174620999838226,0
6.918167776981136,1
6.918573623988777,0
6.9192793739784975,1
6.919684350985335,0
6.9203918789862655,1
6.920795985992299,0
6.921500791999279,1
6.9219065090001095,0
6.922612759983167,1
6.923022402974311,0
6.923723913001595,1
6.924130833998788,0
6.924835974001326,1
6.925241634977283,0
6.925947293988429,1
6.926343232975341,0
6.927048853976885,1
6.927458774996921,0
6.928165673976764,1
6.928572224976961,0
6.92927997498191,1
6.929692673991667,0
6.930397702992195,1
6.930808511999203,0
6.93152118899161,1
6.931927942991024,0
6.9326366009772755,1
6.933042355987709,0
6.933747309987666,1
6.934152360976441,0
6.934856648993446,1
6.935265513980994,0
6.936000763991615,1
6.936411018978106,0
6.937117342982674,1
6.937526319990866,0
6.9382317929994315,1
6.938611324992962,0
6.939321038982598,1
6.939743422990432,0
6.940451265982119,1
6.940859186986927,0
6.941564048989676,1
6.941969061997952,0
6.942673220997676,1
6.943080326978816,0
6.943787411000812,1
6.944190720998449,0
6.944895470980555,1
6.9453011519799475,0
6.9460127169732,1
6.9464455639827065,0
6.947153591987444,1
6.947564420988783,0
6.9482726709975395,1
6.94867661097669,0
6.949381120997714,1
6.949788541998714,0
6.9504926999798045,1
6.950898361974396,0
6.951605796988588,1
6.95201140397694,0
6.952715727995383,1
6.953122667997377,0
6.9538250109762885,1
6.954233005992137,0
6.954937349975808,1
6.955365418980364,0
6.956072446977487,1
6.956489034986589,0
6.957196545001352,1
6.9576055579818785,0
6.958308419998502,1
6.958715007989667,0
6.959422905987594,1
6.959827993996441,0
6.960533448989736,1
6.960937480995199,0
6.961642619979102,1
6.962050467001973,0
6.962753495987272,1
6.963162286992883,0
6.963866741978563,1
6.964272199984407,0
6.964976838993607,1
6.965396111976588,0
6.966091491980478,1
6.966496968991123,0
6.967209607973928,1
6.967618695984129,0
6.968330853997031,1
6.968737349001458,0
6.969444080983521,1
6.969851075991755,0
6.970555734995287,1
6.970959858997958,0
6.971667405974586,1
6.972073808981804,0
6.972778058989206,1
6.973185572976945,0
6.973890675988514,1
6.974272318999283,0
6.974979847989744,1
6.9753914719913155,0
6.976098555984208,1
6.976508533000015,0
6.977216134982882,1
6.977625852974597,0
6.978333102975739,1
6.978742745995987,0
6.979449570993893,1
6.979854158998933,0
6.980558076000307,1
6.98096610797802,0
6.981670617999043,1
6.982075964973774,0
6.982783974992344,1
6.983191877981881,0
6.983899942977587,1
6.984305937978206,0
6.985015651996946,1
6.985421109973686,0
6.986130860983394,1
6.986539614998037,0
6.987253439991036,1
6.987661934981588,0
6.988374221982667,1
6.988778828992508,0
6.9894902459927835,1
6.989899703999981,0
6.990686212986475,1
6.9910988560004625,0
6.991807013982907,1
6.99221399097587,0
6.992916222981876,1
6.9933222369872965,0
6.994030171976192,1
6.994439185975352,0
6.995143695996376,1
6.995552505977685,0
6.996260515996255,1
6.996667899977183,0
6.9973766499897465,1
6.997782885999186,0
6.998487914999714,1
6.998896001983667,0
6.9996021049737465,1
7.000007173977792,0
7.000712868990377,1
7.001118474989198,0
7.001823929982493,1
7.002228887984529,0
7.002935175987659,1
7.003341892996104,0
7.004046254995046,1
7.004452545981621,0
7.005158166983165,1
7.005561124999076,0
7.00626939398353,1
7.006678851990728,0
7.007388195983367,1
7.007794412988005,0
7.008499533985741,1
7.008905787981348,0
7.009610871988116,1
7.010018978995504,0
7.010723432991654,1
7.011130075989058,0
7.011835345998406,1
7.012243637000211,0
7.012951775977854,1
7.013358604977839,0
7.014064188988414,1
7.014473424991593,0
7.015178693982307,1
7.0155869479931425,0
7.016296013985993,1
7.01670404599281,0
7.01741322199814,1
7.0178211059828755,0
7.01866146698012,1
7.019034572993405,0
7.019739582989132,1
7.02014720797888,0
7.02085521799745,1
7.021262194000883,0
7.021969037974486,1
7.022377476998372,0
7.023081783001544,1
7.02348974099732,0
7.024193473975174,1
7.024598190997494,0
7.025323977984954,1
7.0257327139843255,0
7.0264486679807305,1
7.026858996978262,0
7.0275667480018456,1
7.027978779980913,0
7.028685992991086,1
7.0290929329930805,0
7.0298487010004465,1
7.030258769984357,0
7.030964520992711,1
7.031370534998132,0
7.032075729977805,1
7.03248126199469,0
7.0331862539751455,1
7.033592599997064,0
7.0342963699949905,1
7.034702771983575,0
7.03540946697467,1
7.0358184989891015,0
7.036562119988957,1
7.036969059990952,0
7.037675883999327,1
7.038082156999735,0
7.038789574988186,1
7.039194661978399,0
7.039899819996208,1
7.040306296985364,0
7.040998325974215,1
7.041406375996303,0
7.04211162700085,1
7.042521084978944,0
7.043225353991147,1
7.043631996988552,0
7.044337432977045,1
7.04474739098805,0
7.045408771984512,1
7.045817377977073,0
7.046527276979759,1
7.0469365309982095,0
7.047643375000916,1
7.0480508509790525,0
7.048756342992419,1
7.049161356000695,0
7.049865384993609,1
7.050272064981982,0
7.050976759986952,1
7.051385514991125,0
7.052092375990469,1
7.052493945986498,0
7.05319965898525,1
7.053603801992722,0
7.0543103859818075,1
7.054714325990062,0
7.055422261997592,1
7.0558479049941525,0
7.056556025985628,1
7.05696665099822,0
7.057671308983117,1
7.058077247987967,0
7.058784647000721,1
7.059190530999331,0
7.059896281978581,1
7.060302739992039,0
7.0610057869926095,1
7.06141302298056,0
7.062121569993906,1
7.062526804977097,0
7.063231889973395,1
7.063639254978625,0
7.06434330198681,1
7.0647742039873265,0
7.065484398975968,1
7.065894282975933,0
7.0665988299879245,1
7.06700695498148,0
7.067718965001404,1
7.068126959988149,0
7.0688314329891,1
7.069237279996742,0
7.069945030001691,1
7.070353174000047,0
7.071019720984623,1
7.071425715985242,0
7.072135429974878,1
7.072542128997156,0
7.073247119988082,1
7.073651818995131,0
7.074356828990858,1
7.074763082986465,0
7.075471537973499,1
7.075875828973949,0
7.076629727002,1
7.077039480995154,0
7.077747916977387,1
7.07815513497917,0
7.078858995984774,1
7.079268417001003,0
7.079976630979218,1
7.080382736981846,0
7.0810887289990205,1
7.081493834994035,0
7.0821976409933995,1
7.082604339986574,0
7.083311590977246,1
7.0837176779750735,0
7.08442139197723,1
7.084848497994244,0
7.085560988984071,1
7.086096482991707,0
7.086808807973284,1
7.087217690976104,0
7.087923904997297,1
7.08832899297704,0
7.08903363198624,1
7.089439053001115,0
7.090151007985696,1
7.090550558990799,0
7.091255716979504,1
7.09167476699804,0
7.092383480980061,1
7.092794623982627,0
7.093504819000373,1
7.093957238976145,0
7.094665545999305,1
7.095072818978224,0
7.095796679990599,1
7.0962049159861635,0
7.09691322199069,1
7.097377327998402,0
7.098088948987424,1
7.09849518397823,0
7.09920141697512,1
7.099608244985575,0
7.100311513990164,1
7.1007180089945905,0
7.101423168001929,1
7.101827921986114,0
7.10253339499468,1
7.102939852979034,0
7.103649417986162,1
7.104057024989743,0
7.104761330992915,1
7.105168214999139,0
7.105872594984248,1
7.106278423976619,0
7.107052098988788,1
7.107461056992179,0
7.108161677984754,1
7.108569858974079,0
7.114224197983276,1
7.114707154978532,0
7.115427646000171,1
7.115844788990216,0
7.116564668976935,1
7.116975237993756,0
7.117681081988849,1
7.118089316994883,0
7.118793141999049,1
7.119200840999838,0
7.1199104439874645,1
7.120319826994091,0
7.121025892993202,1
7.121431554987794,0
7.12214269398828,1
7.122550707979826,0
7.123260920983739,1
7.123670508997748,0
7.124383036978543,1
7.124792032991536,0
7.125502523995237,1
7.125907203997485,0
7.126602139993338,1
7.127008171984926,0
7.127717237977777,1
7.128122010995867,0
7.128832668997347,1
7.1292376079945825,0
7.129947358975187,1
7.130389149999246,0
7.131103011983214,1
7.131513858999824,0
7.132217090984341,1
7.1326226409873925,0
7.133330410986673,1
7.133739034994505,0
7.1344457299856,1
7.134853021998424,0
7.135561660979874,1
7.135969822993502,0
7.136674128996674,1
7.137144715990871,0
7.137856910994742,1
7.138267516973428,0
7.138973934983369,1
7.139380855980562,0
7.14009023597464,1
7.140498101973208,0
7.141207870998187,1
7.141615365981124,0
7.142324671993265,1
7.142733999993652,0
7.143439120991388,1
7.143847690982511,0
7.144556311977794,1
7.144962398975622,0
7.145669353980338,1
7.146081311977468,0
7.146746525977505,1
7.147155742975883,0
7.147866882995004,1
7.148271729995031,0
7.148978035984328,1
7.149383215990383,0
7.150088021997362,1
7.150495776993921,0
7.151202860986814,1
7.1516108559735585,0
7.152320531982696,1
7.152729378984077,0
7.153434907988412,1
7.153844754997408,0
7.154551560990512,1
7.154961296997499,0
7.15566865800065,1
7.156076041981578,0
7.156745552987559,1
7.157168695994187,0
7.157880538987229,1
7.158286126999883,0
7.158993710996583,1
7.159406760998536,0
7.1601247159997,1
7.160543135978514,0
7.161254498001654,1
7.161667214997578,0
7.162375706975581,1
7.162784590997035,0
7.1634975819906686,1
7.16391085498617,0
7.1646241059934255,1
7.165032655990217,0
7.1657417959941085,1
7.166148586984491,0
7.166846726991935,1
7.1672595179989,0
7.1679721389955375,1
7.168384911987232,0
7.169094958982896,1
7.169508527993457,0
7.170222518994706,1
7.170634476991836,0
7.17135189397959,1
7.171763499994995,0
7.17247945498093,1
7.172891486989101,0
7.173599089001073,1
7.17400676998659,0
7.174704668985214,1
7.175119737978093,0
7.175836154987337,1
7.1762702239793725,0
7.176988141000038,1
7.177399153995793,0
7.178109164000489,1
7.178519195993431,0
7.179232372989645,1
7.179641515976982,0
7.180348599998979,1
7.180756576999556,0
7.18146625297959,1
7.181876451999415,0
7.182584258000134,1
7.182989549997728,0
7.183699171000626,1
7.18411181398551,0
7.184819249989232,1
7.185228910995647,0
7.185936494992347,1
7.186347341979854,0
7.1872344609873835,1
7.187645381985931,0
7.188356613973156,1
7.188757831987459,0
7.1894633599731605,1
7.189881873986451,0
7.190591197984759,1
7.190999026992358,0
7.191715369990561,1
7.192118253995432,0
7.192836170986993,1
7.193246795999585,0
7.193955694994656,1
7.194369189994177,0
7.195079773984617,1
7.195486657990841,0
7.196213185990928,1
7.19662923598662,0
7.197340393991908,1
7.197758907976095,0
7.1985458609997295,1
7.198958263994427,0
7.199704587983433,1
7.200122026988538,0
7.200836555974092,1
7.2012483649887145,0
7.201964022999164,1
7.202374610991683,0
7.203120194986695,1
7.203528744983487,0
7.204247569985455,1
7.204662656993605,0
7.20537442699424,1
7.2057864959933795,0
7.206609781977022,1
7.207063535985071,0
7.20779145299457,1
7.208205169998109,0
7.209045363997575,1
7.2094665249751415,0
7.210184590978315,1
7.210597899975255,0
7.21131603998947,1
7.211725812987424,0
7.212442470976384,1
7.212851520976983,0
7.21356608698261,1
7.213975877995836,0
7.214688202977413,1
7.215102863992797,0
7.215809799992712,1
7.216216146975057,0
7.216933119983878,1
7.217344706994481,0
7.218055179982912,1
7.2184635089943185,0
7.2191739449917804,1
7.219590235996293,0
7.220298152999021,1
7.220706332998816,0
7.221442046982702,1
7.221852319984464,0
7.222557162982412,1
7.222964694985421,0
7.2236725199909415,1
7.224081180989742,0
7.224788561987225,1
7.22519827898941,0
7.2259059739881195,1
7.226292154984549,0
7.227009534981335,1
7.227420640992932,0
7.228134187986143,1
7.2285428309987765,0
7.229340728983516,1
7.229760741989594,0
7.230479455989553,1
7.231058151985053,0
7.231778828980168,1
7.2321902309777215,0
7.232899055990856,1
7.233307476999471,0
7.234015764988726,1
7.23442222297308,0
7.235154194990173,1
7.2355495049851015,0
7.23625612698379,1
7.2366694179945625,0
7.237378391000675,1
7.237789366976358,0
7.238498172984691,1
7.238903630990535,0
7.239611659984803,1
7.240044783975463,0
7.240760201995727,1
7.241169474000344,0
7.241873206978198,1
7.242279256985057,0
7.242990507977083,1
7.243397872982314,0
7.244108234997839,1
7.244510340999113,0
7.245216091978364,1
7.245622623973759,0
7.2463298559887335,1
7.246737239998765,0
7.247446379973553,1
7.247851244988851,0
7.248559884988936,1
7.248965842998587,0
7.249673148995498,1
7.250113921996672,0
7.250823838985525,1
7.25123520399211,0
7.251939991983818,1
7.252344171982259,0
7.253049422986805,1
7.253454917983618,0
7.254159816977335,1
7.254567348980345,0
7.255271821981296,1
7.255680001981091,0
7.256387771980371,1
7.256795543973567,0
7.25750170199899,1
7.257910567976069,0
7.258614003978437,1
7.259025516977999,0
7.2597299159970134,1
7.26013622598839,0
7.260840994975297,1
7.26124839799013,0
7.26195603699307,1
7.262359346990706,0
7.263009764981689,1
7.26342657499481,0
7.264133325981675,1
7.264537913986715,0
7.265244385984261,1
7.265649066976039,0
7.266345502983313,1
7.266757423989475,0
7.267461710987845,1
7.2678696689836215,0
7.268572938977741,1
7.268981173983775,0
7.269683961989358,1
7.270090309000807,0
7.270795448974241,1
7.271199406997766,0
7.2719060279778205,1
7.272311874985462,0
7.273015847982606,1
7.273421972990036,0
7.2741272790008225,1
7.274530700000469,0
7.27523806199315,1
7.275644704990555,0
7.276361917989561,1
7.276768987998366,0
7.277478367992444,1
7.277885380986845,0
7.278589668974746,1
7.278997237997828,0
7.279702284984523,1
7.280107668979326,0
7.280812863988103,1
7.281218247982906,0
7.281924943992635,1
7.282328493980458,0
7.283024040982127,1
7.283430924988352,0
7.284135582973249,1
7.284539170999778,0
7.285246458981419,1
7.285651231999509,0
7.286358482000651,1
7.286778180976398,0
7.28748248697957,1
7.287892018997809,0
7.288594751997152,1
7.289002209989121,0
7.289706682990072,1
7.2901111409883015,0
7.290816427994287,1
7.291226089990232,0
7.29192928498378,1
7.292337279999629,0
7.29304040200077,1
7.293447507981909,0
7.2941520359891,1
7.294556456996361,0
7.295263022999279,1
7.295670166000491,0
7.2963733059877995,1
7.296782189980149,0
7.297490161989117,1
7.297895823983708,0
7.298602759983623,1
7.2990222739754245,0
7.299716320994776,1
7.300119352992624,0
7.300824954989366,1
7.301230098993983,0
7.301936034986284,1
7.302340658992762,0
7.303019521001261,1
7.3034251279896125,0
7.304129488999024,1
7.304535113973543,0
7.305241234978894,1
7.305646729975706,0
7.306351406994509,1
7.306759549974231,0
7.30746654199902,1
7.307874980993802,0
7.308580175973475,1
7.308987948985305,0
7.30969347798964,1
7.310097138979472,0
7.310803796979599,1
7.31121110697859,0
7.311914690973936,1
7.312322037992999,0
7.313025121984538,1
7.313432765979087,0
7.31413544199313,1
7.31454162299633,0
7.31524896598421,1
7.3156550909916405,0
7.316359470976749,1
7.316769243974704,0
7.317474327981472,1
7.317881729977671,0
7.318586091976613,1
7.318991975975223,0
7.319699189974926,1
7.320104795973748,0
7.320810305973282,1
7.321213652990991,0
7.321920921996934,1
7.322326009976678,0
7.323027278995141,1
7.32343468099134,0
7.324136931973044,1
7.324543574999552,0
7.325247362983646,1
7.325654154992662,0
7.326360126986401,1
7.326766104000853,0
7.327472613978898,1
7.32788153499132,0
7.328585192997707,1
7.328992558992468,0
7.32969797597616,1
7.330102192994673,0
7.330808091996005,1
7.331214197998634,0
7.33192067098571,1
7.332325980998576,0
7.333030935988063,1
7.333436911983881,0
7.334140569990268,1
7.3345464169979095,0
7.335252963996027,1
7.3356596999801695,0
7.33633982099127,1
7.336747964989627,0
7.337456196983112,1
7.3378663399780635,0
7.3385806089791,1
7.338988770992728,0
7.339693650981644,1
7.34010031298385,0
7.340807266999036,1
7.341218298999593,0
7.341922808991512,1
7.342329266975867,0
7.3430272769765,1
7.343431512999814,0
7.344136152998544,1
7.34454103698954,0
7.3452445279981475,1
7.345650578994537,0
7.346379958995385,1
7.346785546978936,0
7.34749259398086,1
7.347900903987465,0
7.3486074509855825,1
7.349011685990263,0
7.3497183629951905,1
7.3501225619984325,0
7.35082899799454,1
7.351234529982321,0
7.351940187974833,1
7.352344404993346,0
7.353049266996095,1
7.353454632975627,0
7.354160160990432,1
7.3545642489916645,0
7.355289887986146,1
7.355697753984714,0
7.356417133996729,1
7.356824257993139,0
7.35753019398544,1
7.357937744993251,0
7.358641384984367,1
7.359022083983291,0
7.359725685993908,1
7.360131347988499,0
7.36083722798503,1
7.361243000981631,0
7.361946066987002,1
7.362352950993227,0
7.363023924001027,1
7.363429548975546,0
7.364135854993947,1
7.364540423994185,0
7.365249933995074,1
7.365663502976531,0
7.36637006897945,1
7.366780137992464,0
7.3674875180004165,1
7.367894012975739,0
7.368601430993294,1
7.369010573980631,0
7.369756416999735,1
7.3701661709928885,0
7.370870847982587,1
7.371278267994057,0
7.371985666977707,1
7.372390717995586,0
7.373102912999457,1
7.373521037981845,0
7.374187029985478,1
7.3745921539957635,0
7.375299811974401,1
7.375711140979547,0
7.376416650979081,1
7.376826200983487,0
7.377533358987421,1
7.377938131976407,0
7.378643030999228,1
7.379027303977637,0
7.379731980996439,1
7.380138364998857,0
7.380843855993589,1
7.381247999990592,0
7.381953990989132,1
7.382359707989963,0
7.383019699977012,1
7.383425565989455,0
7.384128316974966,1
7.384536125988234,0
7.385248228994897,1
7.385656056983862,0
7.386377029994037,1
7.386783820984419,0
7.387492571986513,1
7.3879006599891,0
7.3886077249771915,1
7.389012849977007,0
7.389716174977366,1
7.390123761986615,0
7.390828271978535,1
7.391235396993579,0
7.3919421850005165,1
7.3923467729764525,0
7.393051893974189,1
7.39345779598807,0
7.394163694989402,1
7.394569559983211,0
7.395275255985325,1
7.3956824359775055,0
7.396400685975095,1
7.396809477999341,0
7.397517394972965,1
7.397924093995243,0
7.3986288819869515,1
7.399028024985455,0
7.399725312978262,1
7.400135770993074,0
7.400841798982583,1
7.4012496279901825,0
7.401956914982293,1
7.402365854999516,0
7.403072160988813,1
7.403479914995842,0
7.404185295978095,1
7.404590660997201,0
7.405294486001367,1
7.4057013699784875,0
7.406425379973371,1
7.4068327819986735,0
7.407539551000809,1
7.40794513898436,0
7.4086502049758565,1
7.409054755000398,0
7.409759912989102,1
7.410166870977264,0
7.4108700299984775,1
7.411278079991462,0
7.411983145982958,1
7.41239217799739,0
7.413098094984889,1
7.413506237993715,0
7.414215432974743,1
7.41462046597735,0
7.4153299759782385,1
7.415735414979281,0
7.4164439069863874,1
7.416851938993204,0
7.417556299973512,1
7.417964369989932,0
7.418669916980434,1
7.4190764669911005,0
7.419779421994463,1
7.420185305993073,0
7.420889426983194,1
7.421297143999254,0
7.4220060980005655,1
7.422424463991774,0
7.423127232992556,1
7.423535357986111,0
7.424242904991843,1
7.424647843989078,0
7.425357464991976,1
7.42578857098124,0
7.42649474798236,1
7.426907075976487,0
7.427616789995227,1
7.428024580993224,0
7.428728979983134,1
7.429132863995619,0
7.429839021991938,1
7.430244461982511,0
7.430949934001546,1
7.431356151995715,0
7.4320613099844195,1
7.432467841979815,0
7.4331735559972,1
7.433579939999618,0
7.434285283001373,1
7.434691518981708,0
7.435397028981242,1
7.435801986983279,0
7.43650953398901,1
7.4369157329783775,0
7.437625279999338,1
7.438032588979695,0
7.438735006988281,1
7.439143464987865,0
7.439847622998059,1
7.440253673994448,0
7.440959886997007,1
7.441364937985782,0
7.4420709849800915,1
7.442474349983968,0
7.44318332299008,1
7.443586780980695,0
7.444291420979425,1
7.444698730978416,0
7.445402444980573,1
7.445809976983583,0
7.446515338000609,1
7.446923555980902,0
7.447660101985093,1
7.448076504981145,0
7.448786940978607,1
7.449191398976836,0
7.449897185986629,1
7.450302218989236,0
7.4510065429785755,1
7.451415037998231,0
7.4521190479863435,1
7.452526302979095,0
7.453232997999294,1
7.453637881990289,0
7.454339483985677,1
7.454747016978217,0
7.4554551749897655,1
7.45586200300022,0
7.456568993977271,1
7.4569793779810425,0
7.457681721978588,1
7.458090012980392,0
7.458793152996805,1
7.4592038699775,0
7.459912434977014,1
7.460318670986453,0
7.461025254975539,1
7.4614292129990645,0
7.462133741995785,1
7.462539532978553,0
7.463249394990271,1
7.463654852996115,0
7.464359047997277,1
7.464765005977824,0
7.465500959981,1
7.465906491997885,0
7.466622373001883,1
7.467026811995311,0
7.46773156299605,1
7.468138983997051,0
7.468846030998975,1
7.469259673991473,0
7.469970942998771,1
7.470378919999348,0
7.47109518898651,1
7.471507109992672,0
7.472215322981356,1
7.472623762994772,0
7.473339994990965,1
7.473837044992251,0
7.47455410999828,1
7.474961937987246,0
7.475752243975876,1
7.476188459986588,0
7.476965783978812,1
7.4773888529744,0
7.478110862983158,1
7.4785363389819395,0
7.4792558859917335,1
7.479668010986643,0
7.480404686997645,1
7.480854366993299,0
7.481585506000556,1
7.482031352992635,0
7.482786305976333,1
7.483207356999628,0
7.4839328849921,1
7.484347046993207,0
7.485093055991456,1
7.485532346996479,0
7.486383725976339,1
7.4868342760019,0
7.487567859992851,1
7.487985317973653,0
7.488697086984757,1
7.489110062975669,0
7.4898304620001,1
7.49024566099979,0
7.49096526298672,1
7.491390257986495,0
7.49211717498838,1
7.492537447978975,0
7.493249660998117,1
7.493670600990299,0
7.49440260999836,1
7.494822456996189,0
7.496383530989988,1
7.49684993198025,0
7.497636866988614,1
7.498086546984268,0
7.498906647990225,1
7.499370179983089,0
7.500150373991346,1
7.500628071982646,0
7.501418209983967,1
7.501884278986836,0
7.502663787978236,1
7.5031010230013635,0
7.50398373499047,1
7.504423617996508,0
7.505164145986782,1
7.505600196978776,0
7.506365964974975,1
7.50681288598571,0
7.507556468975963,1
7.507990815996891,0
7.508731713984162,1
7.509173912985716,0
7.50993160699727,1
7.510393212985946,0
7.511141758994199,1
7.511592197988648,0
7.512321503978455,1
7.512746647000313,0
7.513473397993948,1
7.513964891986689,0
7.514782825979637,1
7.515236986975651,0
7.516040736983996,1
7.5164767499954905,0
7.5172534069861285,1
7.51771873497637,0
7.518503243976738,1
7.518969034979818,0
7.519776561995968,1
7.520256574993255,0
7.5210569170012604,1
7.521605966001516,0
7.52234177198261,1
7.5227774329832755,0
7.5235360539809335,1
7.52396984497318,0
7.524763852998149,1
7.5252394219860435,0
7.525976893986808,1
7.526431980979396,0
7.527176157978829,1
7.527710169990314,0
7.528493696998339,1
7.528962524986127,0
7.52973570098402,1
7.530223397974623,0
7.530990036990261,1
7.531439438986126,0
7.532198818982579,1
7.532669720996637,0
7.533454730000813,1
7.53389313200023,0
7.534725398989394,1
7.535176967998268,0
7.536234954983229,1
7.5366889869910665,0
7.537441847991431,1
7.537940100999549,0
7.53876083198702,1
7.539221455983352,0
7.540011409000726,1
7.540486032987246,0
7.5412800979975145,1
7.541752295976039,0
7.54252758299117,1
7.542987558990717,0
7.543782363994978,1
7.544235765992198,0
7.544919812993612,1
7.545345288992394,0
7.546121779974783,1
7.5465494969976135,0
7.5473174689977895,1
7.547758333996171,0
7.548521879973123,1
7.548964041983709,0
7.549699032999342,1
7.55014008298167,0
7.550935795996338,1
7.5514137339778244,0
7.5521643919928465,1
7.552639515983174,0
7.553464190976229,1
7.553948388987919,0
7.554747489979491,1
7.555184039985761,0
7.5559467719867826,1
7.556426210998325,0
7.557184515986592,1
7.557670417998452,0
7.558416223997483,1
7.558857051975792,0
7.563104036991717,1
7.5635908089752775,0
7.564335984992795,1
7.564741998998215,0
7.565532099979464,1
7.566020964994095,0
7.566752233979059,1
7.567176931974245,0
7.567984329973115,1
7.568450879974989,0
7.569244351994712,1
7.569728400994791,0
7.570488984987605,1
7.570917738979915,0
7.571736598998541,1
7.572203463991173,0
7.572998602001462,1
7.573474855977111,0
7.574194457993144,1
7.574583527981304,0
7.575511275994359,1
7.575980602996424,0
7.576751297980081,1
7.577184903988382,0
7.577913375978824,1
7.578344907989958,0
7.579071065993048,1
7.579477486986434,0
7.580327902978752,1
7.580684342974564,0
7.58148009199067,1
7.58194416097831,0
7.582751150999684,1
7.586441439983901,0
7.587171505001606,1
7.587662887992337,0
7.5884764149959665,1
7.588970593991689,0
7.58977782499278,1
7.59025233797729,0
7.591144326986978,1
7.591581821994623,0
7.5924153859959915,1
7.592857842973899,0
7.593649796996033,1
7.5941278459795285,0
7.59490413297317,1
7.595338164974237,0
7.596124618983595,1
7.596548427973175,0
7.5972951039730106,1
7.597724820981966,0
7.598479590000352,1
7.598909658991033,0
7.599641464999877,1
7.600100218987791,0
7.600869560992578,1
7.601323758979561,0
7.602112861000933,1
7.602573985001072,0
7.603333493985701,1
7.603787599975476,0
7.604556849983055,1
7.605012269981671,0
7.605766223976389,1
7.606240495981183,0
7.60699628299335,1
7.6074801289942116,0
7.608279563981341,1
7.608760372997494,0
7.609557418996701,1
7.610041487001581,0
7.61084055097308,1
7.611296841991134,0
7.612080555001739,1
7.612551233993145,0
7.613370427978225,1
7.613844847975997,0
7.614644430985209,1
7.6151586289925035,0
7.6158940460009035,1
7.6163385399850085,0
7.617049660999328,1
7.617474526981823,0
7.61825907297316,1
7.618704141001217,0
7.619460113986861,1
7.619917403993895,0
7.620690468989778,1
7.6211512409790885,0
7.621934434981085,1
7.622522557998309,0
7.623249752999982,1
7.623711672989884,0
7.624505477986531,1
7.624964824994095,0
7.625715944974218,1
7.6261458289809525,0
7.626940429996466,1
7.627424349979265,0
7.62822621097439,1
7.628715723985806,0
7.629494344000705,1
7.629970226989826,0
7.6307770509738475,1
7.631226564000826,0
7.632005312974798,1
7.632503492990509,0
7.633310982986586,1
7.633786587975919,0
7.634593170980224,1
7.63507647998631,0
7.635904413997196,1
7.636357556999428,0
7.639100893982686,1
7.6396134620008525,0
7.640418062976096,1
7.640928278997308,0
7.64177019498311,1
7.642285392998019,0
7.643087475997163,1
7.643583209981443,0
7.644403940998018,1
7.644896804995369,0
7.645662980998168,1
7.64616027197917,0
7.64692298497539,1
7.647395109001081,0
7.6482335239998065,1
7.648740406992147,0
7.649585599981947,1
7.650087297981372,0
7.6509303619968705,1
7.651404337986605,0
7.652223808981944,1
7.652733135997551,0
7.6535577929753345,1
7.654060064989608,0
7.654851036990294,1
7.655344493978191,0
7.656112133001443,1
7.65654592399369,0
7.65728258099989,1
7.65776970499428,0
7.658507454994833,1
7.659086003986886,0
7.659843105997425,1
7.660289525985718,0
7.661112238973146,1
7.66162169497693,0
7.66244762999122,1
7.662948623998091,0
7.663752002990805,1
7.664251959999092,0
7.665057986974716,1
7.6656414619938005,0
7.6664263409911655,1
7.666856001975248,0
7.667599418986356,1
7.668033987982199,0
7.668793052987894,1
7.669247287994949,0
7.6700593149871565,1
7.670541901985416,0
7.671287096978631,1
7.671836608991725,0
7.672622080979636,1
7.673039760993561,0
7.673811436980031,1
7.674275245983154,0
7.675067069998477,1
7.675534563983092,0
7.676321572973393,1
7.676758233981673,0
7.677531076973537,1
7.678028347989311,0
7.678762247000122,1
7.679146315989783,0
7.679867122991709,1
7.680315116973361,0
7.680999478994636,1
7.681420621986035,0
7.682117668999126,1
7.682591181976022,0
7.6833514319732785,1
7.68398397997953,0
7.684512084990274,1
7.6849996339879,0
7.685815364995506,1
7.686245859978953,0
7.686975795979379,1
7.68741541999043,0
7.688141947990516,1
7.688594368984923,0
7.689346544997534,1
7.689827982976567,0
7.690613528975518,1
7.691083468002034,0
7.691845476976596,1
7.692295435001142,0
7.693044963001739,1
7.693486976000713,0
7.694225151994033,1
7.694652424979722,0
7.695392989990069,1
7.695836391998455,0
7.696592049993342,1
7.6970330069889314,0
7.697821830981411,1
7.698293713998282,0
7.699114463001024,1
7.699578290979844,0
7.700371521990746,1
7.700818627985427,0
7.7015881369879935,1
7.702022557990858,0
7.702813288982725,1
7.703264357987791,0
7.704075828980422,1
7.704569896974135,0
7.705365109984996,1
7.705836974986596,0
7.706641223980114,1
7.707086070993682,0
7.70787026497419,1
7.7083376289810985,0
7.709197377989767,1
7.709686260990566,0
7.710484417999396,1
7.710955986985937,0
7.711751309980173,1
7.712223952985369,0
7.7130191839823965,1
7.713492566981586,0
7.714269390999107,1
7.714736829977483,0
7.715496875985991,1
7.7159337969787885,0
7.716689009976108,1
7.717120244982652,0
7.717896957998164,1
7.71835985998041,0
7.719109331985237,1
7.719575140974484,0
7.721515154989902,1
7.721956871973816,0
7.722743435995653,1
7.723194041987881,0
7.723989124991931,1
7.7244776559819,0
7.725282479979796,1
7.725747158983722,0
7.7265334829862695,1
7.726969569979701,0
7.727769763994729,1
7.728237776987953,0
7.729030581976986,1
7.729513872996904,0
7.730313196982024,1
7.730796912976075,0
7.73156081099296,1
7.731997508992208,0
7.732740981999086,1
7.73318416197435,0
7.73392111598514,1
7.7343642769847065,0
7.735087471985025,1
7.735535021987744,0
7.736267642991152,1
7.736693859973457,0
7.737423554994166,1
7.7378873829729855,0
7.738689391000662,1
7.739140144985868,0
7.739936486992519,1
7.740409870981239,0
7.741209360974608,1
7.741677928977879,0
7.742441660986515,1
7.742926802980946,0
7.743720478989417,1
7.744220768974628,0
7.745046573982108,1
7.745548567996593,0
7.7463597239984665,1
7.746783811977366,0
7.747578764974605,1
7.748066870000912,0
7.748869600996841,1
7.749361854977906,0
7.750159603980137,1
7.750624968990451,0
7.751407755975379,1
7.751884101977339,0
7.752665777981747,1
7.753134789993055,0
7.753913113992894,1
7.754369608999696,0
7.755103062983835,1
7.755556482996326,0
7.756305529997917,1
7.756778857001336,0
7.757527607987868,1
7.757994027982932,0
7.758771221997449,1
7.759236030979082,0
7.760009502992034,1
7.760492108995095,0
7.761273043986876,1
7.761735722975573,0
7.762524769001175,1
7.762960356980329,0
7.763695939996978,1
7.764108231989667,0
7.764827481994871,1
7.765241550980136,0
7.765957393974531,1
7.766371629986679,0
7.767091009998694,1
7.767499189998489,0
7.768209144996945,1
7.768616861983901,0
7.769326223991811,1
7.769740514981095,0
7.77045506198192,1
7.770864983001957,0
7.771583436988294,1
7.771993450995069,0
7.772700701985741,1
7.773108492983738,0
7.77381752099609,1
7.774199923995184,0
7.774911007989431,1
7.77527991097304,0
7.7759928469895385,1
7.776404748990899,0
7.777112629992189,1
7.77752099497593,0
7.778232689975994,1
7.778638851974392,0
7.779354027996305,1
7.779768968001008,0
7.780485144001432,1
7.7809024729940575,0
7.781620444991859,1
7.782032106973929,0
7.782744820986409,1
7.7831629639840685,0
7.783882787975017,1
7.784294856974157,0
7.785018903989112,1
7.785416343976976,0
7.786128964973614,1
7.7865458489977755,0
7.787256561976392,1
7.787671556987334,0
7.788396973977797,1
7.788815783977043,0
7.789532867987873,1
7.78994673298439,0
7.790653131989529,1
7.791056293994188,0
7.7917760819836985,1
7.792189909989247,0
7.792901919980068,1
7.793318599986378,0
7.794033498998033,1
7.794443216000218,0
7.7951560959918424,1
7.795567516994197,0
7.796272174979094,1
7.796682947984664,0
7.797400142997503,1
7.797840914980043,0
7.7985547589778434,1
7.798965401976602,0
7.799681744974805,1
7.800090146978619,0
7.800801971985493,1
7.80120976397302,0
7.801918161974754,1
7.8023240649781656,0
7.803046092973091,1
7.803457884001546,0
7.804230874986388,1
7.804641369992169,0
7.805566506984178,1
7.806007482984569,0
7.806725955975708,1
7.807133246999001,0
7.807885719987098,1
7.808317899995018,0
7.809039594983915,1
7.8094506449997425,0
7.810164302994963,1
7.810575668991078,0
7.811285140982363,1
7.811698728997726,0
7.812370164989261,1
7.8127901229890995,0
7.8135011330014095,1
7.813913553982275,0
7.814622990001226,1
7.815072539990069,0
7.815795715985587,1
7.816206655988935,0
7.816918998985784,1
7.817326030984987,0
7.818032985989703,1
7.818440183997154,0
7.819151804986177,1
7.81955872598337,0
7.820275365986163,1
7.820697304996429,0
7.821420851978473,1
7.821838753996417,0
7.822565096983453,1
7.82350471598329,0
7.825471320975339,1
7.825890093983617,0
7.826614547986537,1
7.827055116998963,0
7.827781144995242,1
7.828211065992946,0
7.828895020997152,1
7.829318218980916,0
7.83003158099018,1
7.830472556990571,0
7.831193751975661,1
7.831622505997075,0
7.832354422978824,1
7.832768380991183,0
7.8334905020019505,1
7.833901904989034,0
7.834622950991616,1
7.835050316993147,0
7.835767771000974,1
7.836180357990088,0
7.836938867985737,1
7.837354121991666,0
7.838070409983629,1
7.838489515997935,0
7.8395483729837,1
7.839970219996758,0
7.840714765974553,1
7.841131520981435,0
7.841832178994082,1
7.842255543975625,0
7.842962553986581,1
7.84338258599746,0
7.844095187989296,1
7.84544878298766,0
7.846171496988973,1
7.846583454986103,0
7.8473260199825745,1
7.847742032987298,0
7.84845865398529,1
7.848870593996253,0
7.849582343973452,1
7.849992449977435,0
7.850706755998544,1
7.851124658976914,0
7.851852779975161,1
7.852265348978108,0
7.852988783997716,1
7.853402223990997,0
7.854120937001426,1
7.854537413979415,0
7.855257108982187,1
7.855685028975131,0
7.856407131999731,1
7.856828015996143,0
7.857613598986063,1
7.858031759998994,0
7.858762528980151,1
7.8592823749931995,0
7.859973625978455,1
7.860404471983202,0
7.861154944985174,1
7.861534180992749,0
7.862256116990466,1
7.862649166985648,0
7.863406288000988,1
7.863822708983207,0
7.864539718982996,1
7.865107562975027,0
7.865831498987973,1
7.866279382986249,0
7.866999891994055,1
7.8674228499876335,0
7.868145470973104,1
7.868570613994962,0
7.8692816059920006,1
7.869699877977837,0
7.870409683993785,1
7.87081762397429,0
7.871528837975347,1
7.871939757984364,0
7.872814673988614,1
7.873230946977856,0
7.873943030979717,1
7.874354173982283,0
7.875073145987699,1
7.875474178988952,0
7.8761994849774055,1
7.876623682997888,0
7.877348285983317,1
7.877771631989162,0
7.878512456984026,1
7.878953747975174,0
7.880462117987918,1
7.882604554994032,0
7.883383156993659,1
7.883810243976768,0
7.8845353279903065,1
7.8849282859882805,0
7.885620962973917,1
7.886002699000528,0
7.8867165979754645,1
7.887126462999731,0
7.887837435991969,1
7.888246838992927,0
7.8889571629988495,1
7.889366269984748,0
7.8900808909966145,1
7.890493088983931,0
7.891202987986617,1
7.891616334993159,0
7.892336566990707,1
7.892746635974618,0
7.893618513975525,1
7.894037342979573,0
7.8948641659808345,1
7.895287512976211,0
7.896011021977756,1
7.896435516973725,0
7.897176470985869,1
7.897620057978202,0
7.898342289990978,1
7.8987644519947935,0
7.8994776099862065,1
7.89988779000123,0
7.9005974479950964,1
7.901005257997895,0
7.901714434992755,1
7.902123670995934,0
7.902873661980266,1
7.903301229991484,0
7.9040848320000805,1
7.90452560398262,0
7.905230799980927,1
7.905679238989251,0
7.906452228984563,1
7.906874223990599,0
7.907605585991405,1
7.908026913995855,0
7.90871821998735,1
7.909133029985242,0
7.90985185498721,1
7.910269145999337,0
7.910983340989333,1
7.911399854987394,0
7.9121108269901015,1
7.912518099998124,0
7.913231405982515,1
7.913636623998173,0
7.914356781984679,1
7.914780442981282,0
7.915496119996533,1
7.915922021988081,0
7.916636975976871,1
7.917055026977323,0
7.917794035980478,1
7.918365547986468,0
7.9190836689958815,1
7.919508681981824,0
7.92018189598457,1
7.920570205984404,0
7.921264512988273,1
7.92165224897326,0
7.922346295992611,1
7.922743401984917,0
7.92345220799325,1
7.923862351977732,0
7.924593749979977,1
7.926431264990242,0
7.927153589989757,1
7.927581398980692,0
7.928307260997826,1
7.9287259219854604,0
7.929445857997052,1
7.9298312419850845,0
7.930550288991071,1
7.9309779509785585,0
7.931707552983426,1
7.932130102999508,0
7.932823279988952,1
7.93325083097443,0
7.933971266000299,1
7.93439520598622,0
7.935117271001218,1
7.935538265999639,0
7.93629779398907,1
7.936729898996418,0
7.937459630978992,1
7.9379228109901305,0
7.938695227989228,1
7.939120258990442,0
7.939848194975639,1
7.94028328199056,0
7.941017402976286,1
7.941441693983506,0
7.942178184981458,1
7.942602235998493,0
7.943329300993355,1
7.943753573985305,0
7.944481268990785,1
7.94489705999149,0
7.945619013975374,1
7.946038452995708,0
7.946846740000183,1
7.947927929984871,0
7.948660328984261,1
7.949086545995669,0
7.949827481992543,1
7.950250458001392,0
7.950977522996254,1
7.951406832988141,0
7.952139175991761,1
7.9525593369908165,0
7.953296847001184,1
7.953719637996983,0
7.954455443978077,1
7.9548776979791,0
7.955607059993781,1
7.956018961995142,0
7.956737341999542,1
7.957177114993101,0
7.957888087985339,1
7.95831804498448,0
7.959093053999823,1
7.959488734981278,0
7.9601700409839395,1
7.960575480974512,0
7.961277472000802,1
7.961667226976715,0
7.9623584219953045,1
7.962737528985599,0
7.9634523909771815,1
7.96386945998529,0
7.964582691987744,1
7.9649922419921495,0
7.96570141898701,1
7.966109061992029,0
7.966822941991268,1
7.967237196979113,0
7.967944168980466,1
7.968355126999086,0
7.9690636369923595,1
7.969470798998373,0
7.970185567974113,1
7.970596489001764,0
7.971317072981037,1
7.971730586985359,0
7.972440929996083,1
7.972848017001525,0
7.973553841991816,1
7.973976262990618,0
7.974673550983425,1
7.975081286975183,0
7.975802166998619,1
7.976209809974534,0
7.97692754198215,1
7.977338888973463,0
7.9780518249899615,1
7.978458337980555,0
7.979182440991281,1
7.979597472993191,0
7.980318982998142,1
7.980730718001723,0
7.981465857999865,1
7.981883333995938,0
7.98259175097337,1
7.982997023995267,0
7.983709255990107,1
7.984127954987343,0
7.984842390986159,1
7.9852588119974826,0
7.985968709981535,1
7.986413260980044,0
7.987195639987476,1
7.987612338998588,0
7.988303385995096,1
7.988732768979389,0
7.98946494597476,1
7.989881829998922,0
7.9905937839939725,1
7.991003926988924,0
7.991742880985839,1
7.992392946995096,0
7.993065012997249,1
7.993486211984418,0
7.994203461974394,1
7.994709252991015,0
7.995429095986765,1
7.995837701979326,0
7.996551100979559,1
7.996981965989107,0
7.997692364995601,1
7.998104173981119,0
7.9988180919899605,1
8.000304554996546,0
8.001003305980703,1
8.001419670996256,0
8.002134588983608,1
8.002550008997787,0
8.003314425994176,1
8.003726531984285,0
8.004624039982446,1
8.005042867996963,0
8.005752155993832,1
8.006162446981762,0
8.00687991999439,1
8.00729500799207,0
8.008011442987481,1
8.008423363993643,0
8.009133651998127,1
8.009545387991238,0
8.010258472000714,1
8.010667429975001,0
8.011391290987376,1
8.011802285996964,0
8.012509592983406,1
8.012923864996992,0
8.013640170975123,1
8.014067999989493,0
8.014793397975154,1
8.015216540981783,0
8.015938439988531,1
8.016359008994186,0
8.017081055993913,1
8.01750088398694,0
8.018222411978059,1
8.018636888999026,0
8.019367934990441,1
8.019779911992373,0
8.020540087978588,1
8.020962434995454,0
8.02168599999277,1
8.022097438981291,0
8.022818226978416,1
8.023237777000759,0
8.023949231981533,1
8.024359392991755,0
8.02507882899954,1
8.025493286986602,0
8.026217518985504,1
8.02663049599505,0
8.027355931000784,1
8.031117792997975,0
8.031837950984482,1
8.032254945981549,0
8.032974955975078,1
8.033387857984053,0
8.034101664001355,1
8.034516177984187,0
8.035256297996966,1
8.035672774974955,0
8.03639509898494,1
8.036807038995903,0
8.037538362987107,1
8.037955765990773,0
8.038675386982504,1
8.0410562279867,0
8.041799218975939,1
8.042227750993334,0
8.042969315982191,1
8.043401217990322,0
8.04416119097732,1
8.044588370976271,0
8.045319750992348,1
8.045742893998977,0
8.046473773982143,1
8.046908491000067,0
8.047646018996602,1
8.048105308989761,0
8.0488254299853,1
8.049243887973716,0
8.049958027986577,1
8.050373411999317,0
8.051091884000925,1
8.051509452983737,0
8.052231721987482,1
8.052646920987172,0
8.05336728299153,1
8.053779148001922,0
8.054495768999914,1
8.054914022999583,0
8.055633736978052,1
8.056055157998344,0
8.056782407977153,1
8.057206624973333,0
8.057940486993175,1
8.058370536979055,0
8.059092490992043,1
8.059519818983972,0
8.060242606996326,1
8.060656879999442,0
8.061380907980492,1
8.061794531997293,0
8.06250424598693,1
8.062912036984926,0
8.06363734297338,1
8.064047041989397,0
8.064762755995616,1
8.065178213990293,0
8.065891389996978,1
8.066302458988503,0
8.067045209987555,1
8.067480555997463,0
8.068215917999623,1
8.070100023993291,0
8.070841755979927,1
8.071312435989967,0
8.072045018983772,1
8.07247588498285,0
8.07324950498878,1
8.073695961997146,0
8.07448141599889,1
8.07493240997428,0
8.075699641980464,1
8.076143747981405,0
8.0768703679787,1
8.077292659989325,0
8.078265702992212,1
8.078695790987695,0
8.079430466983467,1
8.07986970199272,0
8.080636025988497,1
8.081659606978064,0
8.082425485976273,1
8.082830832980108,0
8.08355637997738,1
8.08396750499378,0
8.084690550982486,1
8.085102694982197,0
8.08581437097746,1
8.086223939986667,0
8.086930320976535,1
8.087348777975421,0
8.090257964999182,1
8.090706071001478,0
8.091433746973053,1
8.091898407990811,0
8.092631102976156,1
8.09310537498095,0
8.093792607978685,1
8.094221435982035,0
8.09496085299179,1
8.09538655099459,0
8.096115171996644,1
8.096540259983158,0
8.09726597298868,1
8.09769520899863,0
8.09838894099812,1
8.09881284297444,0
8.099558130983496,1
8.100045198982116,0
8.100782763998723,1
8.101215591974324,0
8.101972100994317,1
8.10241865098942,0
8.103134531993419,1
8.10355871199863,0
8.10427685099421,1
8.104700401978334,0
8.10543181898538,1
8.105860832001781,0
8.106570600997657,1
8.10698359599337,0
8.107699216983747,1
8.108116211980814,0
8.109062922972953,1
8.109494398988318,0
8.110227389988722,1
8.110642514977371,0
8.111372116982238,1
8.11179612998967,0
8.11251025099773,1
8.112922949978383,0
8.113645959994756,1
8.114061065978603,0
8.114781445998233,1
8.115193940990139,0
8.11591415500152,1
8.116333630983718,0
8.117047418985749,1
8.117983351985458,0
8.118703879998066,1
8.11912113399012,0
8.11985771797481,1
8.120270934974542,0
8.120979629980866,1
8.121387347986456,0
8.122095579979941,1
8.122503314982168,0
8.123217398999259,1
8.123626542976126,0
8.124335977976443,1
8.124747047986602,0
8.125457538990304,1
8.125864515983267,0
8.12657283997396,1
8.12697766898782,0
8.127690807974432,1
8.128101673995843,0
8.128811479982687,1
8.12921521597309,0
8.129925391986035,1
8.130356276000384,0
8.131078045000322,1
8.131495262001408,0
8.132211678981548,1
8.132626507984241,0
8.133341405977262,1
8.133753253001487,0
8.134463707974646,1
8.134875998977805,0
8.135586213000352,1
8.135995929973433,0
8.136702809977578,1
8.137110471987398,0
8.137823425990064,1
8.138234198995633,0
8.13894687598804,1
8.139370332995895,0
8.140087898995262,1
8.140502911992371,0
8.141211866983213,1
8.14161684300052,0
8.142326631001197,1
8.14273195900023,0
8.14345315398532,1
8.143872815999202,0
8.14457439997932,1
8.144988727988675,0
8.145706348994281,1
8.14611558499746,0
8.14682179898955,1
8.147230682981899,0
8.14815000499948,1
8.148578221997013,0
8.151089598977705,1
8.151513741991948,0
8.152229862986133,1
8.152650727977743,0
8.153363552992232,1
8.15377713998896,0
8.15448790899245,1
8.154900829977123,0
8.155614117975347,1
8.156507106992649,0
8.157236968982033,1
8.157685888989363,0
8.158414861973142,1
8.158845078985905,0
8.159582476975629,1
8.16003789799288,0
8.16076524098753,1
8.161191624996718,0
8.161934985982953,1
8.162348685000325,0
8.16308869398199,1
8.163501596980495,0
8.164228772977367,1
8.164643267984502,0
8.165506238990929,1
8.165941307990579,0
8.166736575978575,1
8.16716344098677,0
8.168006930995034,1
8.16843151798821,0
8.169165712984977,1
8.169589003984584,0
8.170308995991945,1
8.170721934991889,0
8.171432740986347,1
8.171856735978508,0
8.172737298998982,1
8.17319386798772,0
8.173871451988816,1
8.174357520998456,0
8.175086103990907,1
8.175924371986184,0
8.17665277098422,1
8.177080301975366,0
8.177815904986346,1
8.178284825000446,0
8.179072777973488,1
8.179505273001269,0
8.180250819976209,1
8.180696832976537,0
8.18142561998684,1
8.181852929992601,0
8.182588494993979,1
8.183048655977473,0
8.183793924981728,1
8.184231826977339,0
8.184987891989294,1
8.185422534996178,0
8.18707332998747,1
8.187497694976628,0
8.188223185978131,1
8.188658735976787,0
8.18941411600099,1
8.189848813985009,0
8.190587805001996,1
8.191042484977515,0
8.191780623979867,1
8.19222017499851,0
8.192971535987454,1
8.193407622980885,0
8.194175391981844,1
8.194630978978239,0
8.196368290984537,1
8.196797933982452,0
8.197527683980297,1
8.197958160977578,0
8.19874029897619,1
8.199173552973662,0
8.199897618993418,1
8.200332260981668,0
8.201054474979173,1
8.201477044000058,0
8.20223766399431,1
8.202664843993261,0
8.203388872992946,1
8.203816348977853,0
8.204569987981813,1
8.205006037984276,0
8.205729843990412,1
8.206157894979697,0
8.206884051993256,1
8.20730484399246,0
8.208033667993732,1
8.208453847997589,0
8.209175301977666,1
8.209596482978668,0
8.21032408499741,1
8.210757282999111,0
8.21148949698545,1
8.21193062097882,0
8.212669870990794,1
8.213119420979638,0
8.21389248597552,1
8.214343739993637,0
8.215248654974857,1
8.215671001991723,0
8.216397399984999,1
8.21681863599224,0
8.217564496997511,1
8.218020324973622,0
8.218773593980586,1
8.219224772998132,0
8.21997855999507,1
8.220439369993983,0
8.221210359974066,1
8.221659984992584,0
8.222397901990917,1
8.22285050697974,0
8.223609997978201,1
8.224041492998367,0
8.224760354001774,1
8.225227051996626,0
8.225968042999739,1
8.2264057789871,0
8.227126843994483,1
8.227558913000394,0
8.228287255973555,1
8.228709046990843,0
8.229438537993701,1
8.229866366978968,0
8.230593412998132,1
8.231044649000978,0
8.231772750994423,1
8.232207504974212,0
8.232939088979037,1
8.233370027999626,0
8.2341072409763,1
8.234549420973053,0
8.235278985986952,1
8.235707239975454,0
8.236433656973531,1
8.236861318990123,0
8.237600513995858,1
8.238032637978904,0
8.238761369982967,1
8.239178957999684,0
8.239898244995857,1
8.240327054983936,0
8.24105256400071,1
8.241472855996108,0
8.242199550993973,1
8.242628933978267,0
8.243352277000668,1
8.24378058698494,0
8.244509596988792,1
8.244945720973192,0
8.245671711978503,1
8.246117761998903,0
8.246846790978452,1
8.252459962997818,0
8.253327841986902,1
8.253758910985198,0
8.254507752979407,1
8.259062067983905,0
8.259807299997192,1
8.260353070974816,0
8.261150653997902,1
8.261586185981287,0
8.263742122973781,1
8.264169728994602,0
8.264914811996277,1
8.26535845498438,0
8.266365738993045,1
8.267067267996026,0
8.26779729599366,1
8.268239179975353,0
8.268977355997777,1
8.275107244000537,0
8.275855494983261,1
8.276302025973564,0
8.277033887978178,1
8.277472233981825,0
8.278203021996887,1
8.278629442997044,0
8.27935300799436,1
8.279767317988444,0
8.280479067994747,1
8.280900062993169,0
8.281618702982087,1
8.282034252973972,0
8.28275455898256,1
8.283168183988892,0
8.283884545991896,1
8.284293559001526,0
8.285004106000997,1
8.285423452995019,0
8.286136037000688,1
8.286554569000145,0
8.287269429973094,1
8.287678036984289,0
8.288408527994761,1
8.28881168999942,0
8.289526829001261,1
8.28994200899615,0
8.290664592990652,1
8.291092717001447,0
8.291820245998679,1
8.292242147988873,0
8.292961749975802,1
8.29337787500117,0
8.294097884994699,1
8.29451273198356,0
8.295229000999825,1
8.295644050987903,0
8.29635696898913,1
8.296765148988925,0
8.297484009992331,1
8.297898727993015,0
8.298626977979438,1
8.299010176997399,0
8.29976051999256,1
8.300174495991087,0
8.3009013949777,1
8.301317407982424,0
8.302036288980162,1
8.302450727991527,0
8.303178626985755,1
8.303591269999743,0
8.304314834997058,1
8.304738403996453,0
8.305465116980486,1
8.305835298000602,0
8.306554326001788,1
8.306964672985487,0
8.307684812985826,1
8.308097955974517,0
8.308812446979573,1
8.309249626996461,0
8.30997246998595,1
8.310387112986064,0
8.311099696991732,1
8.311516469984781,0
8.312235831981525,1
8.312647622980876,0
8.313373224984389,1
8.313798053975916,0
8.314481970999623,1
8.314900687983027,0
8.315617493994068,1
8.31602928598295,0
8.316737739980454,1
8.317148679983802,0
8.317864337994251,1
8.31827827700181,0
8.318993619992398,1
8.319412522978382,0
8.320130791980773,1
8.320544508984312,0
8.321263777994318,1
8.32168319899938,0
8.322405096987495,1
8.322815425985027,0
8.323531157977413,1
8.323941356997238,0
8.324649977992522,1
8.325066157995025,0
8.325776889978442,1
8.326183143974049,0
8.326888505980605,1
8.33107445499627,0
8.331809482973767,1
8.332230126979994,0
8.332953283999814,1
8.333375816000625,0
8.334099899977446,1
8.33451939499355,0
8.335250441974495,1
8.335674676985946,0
8.336405705980724,1
8.336830977990758,0
8.337566542992136,1
8.337989722989732,0
8.338736417994369,1
8.339165801997297,0
8.339904921973357,1
8.34032765799202,0
8.341058556979988,1
8.34148116299184,0
8.342201283987379,1
8.342623000993626,0
8.343340047984384,1
8.343765541998437,0
8.344487384980312,1
8.344911324995337,0
8.34563946397975,1
8.346066551981494,0
8.346792486991035,1
8.347215685993433,0
8.3479452879983,1
8.34836326399818,0
8.349088847986422,1
8.349505472986493,0
8.350247722992208,1
8.35067143998458,0
8.351398579980014,1
8.351825944992015,0
8.352558731974568,1
8.352984911995009,0
8.353722161991755,1
8.354147971986094,0
8.354866036999738,1
8.355291865998879,0
8.3560084310011,1
8.356438314978732,0
8.357179712998914,1
8.357605337980203,0
8.358334902994102,1
8.358755156979896,0
8.359497795987409,1
8.359924290998606,0
8.360655837983359,1
8.361038351984462,0
8.361763823981164,1
8.362182652985211,0
8.362918809987605,1
8.363333971996326,0
8.364054129982833,1
8.364475476992084,0
8.365201412001625,1
8.365620795986615,0
8.366363453998929,1
8.366785337973852,0
8.367516476981109,1
8.367930230975617,0
8.368668851995608,1
8.369088587001897,0
8.36982963400078,1
8.370246998994844,0
8.37098100897856,1
8.371404245001031,0
8.372126642992953,1
8.372546322993003,0
8.37328022197471,1
8.373702512995806,0
8.37442611498409,1
8.3748490549915,0
8.375577600992983,1
8.375992910994682,0
8.376720587984892,1
8.377144600992324,0
8.377867739996873,1
8.378295382979559,0
8.379041577980388,1
8.379459239979042,0
8.380192619981244,1
8.380616002978059,0
8.381333475990687,1
8.381747637991793,0
8.382465943985153,1
8.38288293898222,0
8.383604411996203,1
8.384030517976498,0
8.384763545996975,1
8.385182799975155,0
8.385903975984547,1
8.386326100997394,0
8.38705109199509,1
8.387496012990596,0
8.388230725977337,1
8.388655498973094,0
8.38939122998272,1
8.389820039999904,0
8.390537845989456,1
8.390955803974066,0
8.391679091990227,1
8.392096178984502,0
8.3928244849958,1
8.393254572001752,0
8.393993581994437,1
8.394420280994382,0
8.395149623975158,1
8.39557087799767,0
8.396307312999852,1
8.396739937976236,0
8.397478168975795,1
8.39790470097796,0
8.398637359001441,1
8.399045205995208,0
8.39976895597647,1
8.400183913996443,0
8.400907016999554,1
8.401333696994698,0
8.402074594981968,1
8.402492145978613,0
8.403221358981682,1
8.403644464997342,0
8.404377103986917,1
8.404802209988702,0
8.405541497981176,1
8.405960381001933,0
8.406695168989245,1
8.40712782999617,0
8.407845487992745,1
8.408263501973124,0
8.408988825976849,1
8.409406524995575,0
8.410144422989106,1
8.410575158981374,0
8.41130228000111,1
8.411726348975208,0
8.41247200599173,1
8.412897520000115,0
8.413633991993265,1
8.414059319999069,0
8.414791773975594,1
8.415209139988292,0
8.415932242001873,1
8.416352551983437,0
8.417076894984348,1
8.41750061197672,0
8.418245750974165,1
8.41866674600169,0
8.419394421973266,1
8.419817453977885,0
8.420556685974589,1
8.42097681100131,0
8.42171952399076,1
8.422142499999609,0
8.422860380000202,1
8.423276671994245,0
8.424003588996129,1
8.424423175980337,0
8.425167370995041,1
8.425596069981111,0
8.426326912973309,1
8.426751758990576,0
8.427497397991829,1
8.427919059991837,0
8.428671014000429,1
8.42909660100122,0
8.429835369985085,1
8.430255253973883,0
8.43097855997621,1
8.431398887973046,0
8.432125045976136,1
8.432543614995666,0
8.433274383976823,1
8.433702971000457,0
8.434440332988743,1
8.434860771987587,0
8.435591392975766,1
8.436015905987006,0
8.436748674983392,1
8.437171799974749,0
8.437910956999986,1
8.438333136989968,0
8.439060757984407,1
8.439475382998353,0
8.440197410993278,1
8.440620109991869,0
8.441353655973217,1
8.441776355000911,0
8.442516197974328,1
8.442934988997877,0
8.443666164996102,1
8.444089437980438,0
8.444834298978094,1
8.445262219989672,0
8.445995655987645,1
8.446424353984185,0
8.44713882697397,1
8.447555173974251,0
8.448279516975163,1
8.448697122978047,0
8.44942266997532,1
8.44985179399373,0
8.450595469999826,1
8.451033464982174,0
8.451770492974902,1
8.452195765974466,0
8.452913404995343,1
8.453337510989513,0
8.4540794279892,1
8.454501978994813,0
8.455223600001773,1
8.455644667992601,0
8.456361066986574,1
8.456789228977868,0
8.457518330978928,1
8.457947195973247,0
8.45870816797833,1
8.459127755981172,0
8.459870190999936,1
8.462947857973631,0
8.463686163973762,1
8.464117343974067,0
8.4648672969779,1
8.465294811001513,0
8.46603502400103,1
8.466463092976483,0
8.467189194983803,1
8.46761704198434,0
8.468356902973028,1
8.46877678699093,0
8.469520204002038,1
8.46994079198339,0
8.470682670973474,1
8.47110336998594,0
8.471842638973612,1
8.472266429977026,0
8.473000457976013,1
8.473419860994909,0
8.474157074000686,1
8.474593160994118,0
8.475324355997145,1
8.475751683989074,0
8.476496915973257,1
8.47692405898124,0
8.477661975979572,1
8.478084951988421,0
8.478813553985674,1
8.479236048995517,0
8.479965151986107,1
8.480396238999674,0
8.481135785987135,1
8.481568650982808,0
8.482309104991145,1
8.482732099975692,0
8.483452923974255,1
8.48387227099738,0
8.484618650982156,1
8.485041182982968,0
8.485773525986588,1
8.486204594984883,0
8.486928956001066,1
8.487349802977405,0
8.48808897897834,1
8.488525362976361,0
8.489268797973637,1
8.489699867001036,0
8.490459950000513,1
8.490888981992612,0
8.491627529001562,1
8.492051263980102,0
8.492773921985645,1
8.493193620990496,0
8.493927074974636,1
8.4943461069779,0
8.49505120998947,1
8.495467075001216,0
8.496193176979432,1
8.496610782982316,0
8.497337292996235,1
8.497759305988438,0
8.49848216798273,1
8.498899514990626,0
8.499627449986292,1
8.50004622299457,0
8.500763917982113,1
8.501180264982395,0
8.501903959986521,1
8.502320528990822,0
8.503053593973164,1
8.503470199997537,0
8.50418519199593,1
8.504606778995367,0
8.505339789000573,1
8.50575661699986,0
8.50646860798588,1
8.507066138001392,0
8.507780943997204,1
8.508175198978279,0
8.508894263999537,1
8.509302925987868,0
8.510037397994893,1
8.51048039298621,0
8.511205568996957,1
8.511631248984486,0
8.512349425989669,1
8.512764550978318,0
8.513485300994944,1
8.51389649999328,0
8.514608583995141,1
8.515062651975313,0
8.515782939997735,1
8.516187731001992,0
8.516906666976865,1
8.517320235987427,0
8.518034671986243,1
8.518448758986779,0
8.519170565996319,1
8.51958494898281,0
8.520297162991483,1
8.52070956499665,0
8.521426038001664,1
8.521839458990144,0
8.522558635973837,1
8.522970594000071,0
8.523695843992755,1
8.524106190976454,0
8.524823163985275,1
8.525233602995286,0
8.525942668988137,1
8.526384273980511,0
8.527102672989713,1
8.527516334987013,0
8.528232640994247,1
8.528648024977883,0
8.52935916397837,1
8.529769288987154,0
8.530483261973131,1
8.530899700999726,0
8.531617840984836,1
8.532029520982178,0
8.532741085975431,1
8.533155562996399,0
8.533871442981763,1
8.534285863977857,0
8.535001299984287,1
8.535421387001406,0
8.536139823001577,1
8.536558391992003,0
8.537285512982635,1
8.537704470974859,0
8.5384183319984,1
8.538829512981465,0
8.539542282000184,1
8.539937294990523,0
8.54071595298592,1
8.541234112984966,0
8.541813920979621,1
8.542231804982293,0
8.54292949999217,1
8.543346198974177,0
8.544085281988373,1
8.54447638898273,0
8.545178749976913,1
8.545596485986607,0
8.54637567998725,1
8.546797600982245,0
8.547534314973745,1
8.547967531980248,0
8.5486935969966,1
8.549119368981337,0
8.549823434994323,1
8.550295984983677,0
8.550991364987567,1
8.551417933980701,0
8.552286367979832,1
8.552727399975993,0
8.553468427999178,1
8.553885144996457,0
8.554601802985417,1
8.555009871983202,0
8.555793121980969,1
8.556203301995993,0
8.556927607976831,1
8.557344102999195,0
8.558060130977537,1
8.558475977974012,0
8.5592041729833,1
8.559580353990896,0
8.560316714982037,1
8.560731876990758,0
8.561449089989765,1
8.561858567001764,0
8.562573094997788,1
8.562982423987705,0
8.56371087799198,1
8.564131557999644,0
8.564844679000089,1
8.565267321973806,0
8.566059126984328,1
8.56653867699788,0
8.56725822397857,1
8.567682347988011,0
8.568407505983487,1
8.568824759975541,0
8.569562954973662,1
8.569983116991352,0
8.570712699991418,1
8.571137287974125,0
8.571876074973261,1
8.572291865973966,0
8.573015690984903,1
8.573431853001239,0
8.5741680469946,1
8.574586153001292,0
8.575645584991435,1
8.57607217298937,0
8.576823070994578,1
8.577241787977982,0
8.577978778979741,1
8.578399884980172,0
8.579148580000037,1
8.579580111982068,0
8.580313509999542,1
8.580729189998237,0
8.581444682000438,1
8.581852453993633,0
8.582563260977622,1
8.582972329983022,0
8.583696190995397,1
8.584111685981043,0
8.584822067001369,1
8.585234616999514,0
8.585945200989954,1
8.586356436979258,0
8.587046668981202,1
8.587463256990304,0
8.588181469996925,1
8.588593020976987,0
8.589318159996765,1
8.589731784973992,0
8.590451516996836,1
8.590863919002004,0
8.591647187975468,1
8.592064293974545,0
8.592776915000286,1
8.59318974299822,0
8.593903493980179,1
8.59431687698816,0
8.595054349978454,1
8.595474251982523,0
8.596224168984918,1
8.596643959986977,0
8.597363154985942,1
8.597780501993839,0
8.598497678991407,1
8.598916598974029,0
8.599639016989386,1
8.600054696988082,0
8.600772687990684,1
8.601183202001266,0
8.60189759999048,1
8.60230785497697,0
8.603045363997808,1
8.603469230001792,0
8.604183572984766,1
8.60459364199778,0
8.60527957798331,1
8.60569788797875,0
8.606375156989088,1
8.606815077975625,0
8.607535161980195,1
8.607959916000254,0
8.608680684992578,1
8.609104253991973,0
8.609820559999207,1
8.61023477697745,0
8.611005471990211,1
8.611429040000075,0
8.61216060598963,1
8.612578192987712,0
8.613302702986402,1
8.613715530984337,0
8.61444572597975,1
8.614862831978826,0
8.615580637997482,1
8.616011465986958,0
8.616734309995081,1
8.617152766993968,0
8.617870480986312,1
8.618281012983061,0
8.618994077987736,1
8.619409740000265,0
8.62012556497939,1
8.620541040989337,0
8.621258180995937,1
8.62168036098592,0
8.622402944980422,1
8.62282177299494,0
8.623542819987051,1
8.623966277984437,0
8.624685157992644,1
8.625303927983623,0
8.62605645597796,1
8.626469302980695,0
8.62720997899305,1
8.627602622000268,0
8.628373001993168,1
8.628798033983912,0
8.629470006999327,1
8.629892520984868,0
8.630619345000014,1
8.631056968995836,0
8.63172870199196,1
8.63212986398139,0
8.63285029999679,1
8.633269312995253,0
8.633989451976959,1
8.634404206997715,0
8.63512469799025,1
8.635537970985752,0
8.636357960989699,1
8.6367607889988,0
8.637490057997638,1
8.637906256975839,0
8.63861850698595,1
8.63904155799537,0
8.639754196978174,1
8.640163877978921,0
8.640874072996667,1
8.64128812297713,0
8.642007114976877,1
8.642426868987968,0
8.643149359995732,1
8.64357196597848,0
8.64428897597827,1
8.644717247982044,0
8.645493405987509,1
8.645916937995935,0
8.646631372976117,1
8.64704196099774,0
8.647751674987376,1
8.648172705987236,0
8.648901363980258,1
8.649306229985086,0
8.65003803599393,1
8.650499751995085,0
8.65124205799657,1
8.651661479001632,0
8.652849945996422,1
8.653235274978215,0
8.653944173973287,1
8.654347520990996,0
8.655009512993274,1
8.655475858977297,0
8.656203312973958,1
8.656626288982807,0
8.657363465987146,1
8.657787163974717,0
8.658516765979584,1
8.658936223975616,0
8.659664400998736,1
8.660080506990198,0
8.660801904974505,1
8.661217047978425,0
8.66193977999501,1
8.662358811998274,0
8.66306391498074,1
8.664351102983346,0
8.665135407994967,1
8.665576884988695,0
8.666300541983219,1
8.666738314990653,0
8.667475861991988,1
8.667912152974168,0
8.668670661980286,1
8.66911934199743,0
8.669902776979143,1
8.670347752980888,0
8.671064817986917,1
8.671486460982123,0
8.672225062997313,1
8.672634242975619,0
8.673307680001017,1
8.673781358986162,0
8.674534497986315,1
8.674961974989856,0
8.675689261988737,1
8.676104293990647,0
8.67682034097379,1
8.677237835974665,0
8.677938456996344,1
8.678342359984526,0
8.679083090974018,1
8.679508474975592,0
8.680239337001694,1
8.680618127982598,0
8.681303489982383,1
8.681753225973807,0
8.682474568980979,1
8.682917008001823,0
8.683631758001866,1
8.684051734977402,0
8.68495729798451,1
8.685434513987275,0
8.686140023986809,1
8.686565889976919,0
8.687254788994323,1
8.687652320979396,0
8.688351441989653,1
8.688742973987246,0
8.689467409974895,1
8.689851904986426,0
8.69056972998078,1
8.69096348399762,0
8.691688512975816,1
8.69211202597944,0
8.692837868991774,1
8.693387751001865,0
8.694113482983084,1
8.694530959997792,0
8.695706574973883,1
8.696107495983597,0
8.69692955998471,1
8.69727601899649,0
8.698000194999622,1
8.698426652990747,0
8.699103588995058,1
8.69952034400194,0
8.700252686976455,1
8.700671292986954,0
8.70139187699533,1
8.701809038000647,0
8.702526899985969,1
8.702945635974174,0
8.703673107986106,1
8.704180417000316,0
8.704900482000085,1
8.7053068849782,0
8.706090467981994,1
8.706507591996342,0
8.707260472001508,1
8.707696967001539,0
8.7084256800008,1
8.708849544986151,0
8.709592128987424,1
8.709998568985611,0
8.7107184669876,1
8.71113496198086,0
8.711860730982153,1
8.712283781991573,0
8.713005790981697,1
8.713425767986337,0
8.714147388993297,1
8.71456640199176,0
8.715338226000313,1
8.715759498998523,0
8.716511841979809,1
8.716938650992233,0
8.717708530981326,1
8.718137599993497,0
8.71886314600124,1
8.719285289000254,0
8.72001031797845,1
8.72043631298584,0
8.723081539996201,1
8.723528959992109,0
8.724267302983208,1
8.724692760995822,0
8.725425658980384,1
8.725837505975505,0
8.726556071982486,1
8.726975899975514,0
8.727703946991824,1
8.728127274982398,0
8.728854969987879,1
8.729283038992435,0
8.73001867797575,1
8.730443487991579,0
8.731171700987034,1
8.731600065977545,0
8.732335056993179,1
8.732753181975568,0
8.733483005984453,1
8.733906815992668,0
8.734640714974375,1
8.735038727987558,0
8.735893050994491,1
8.736351600993657,0
8.737073443975532,1
8.737447569001233,0
8.738186208996922,1
8.738609332998749,0
8.739334934973158,1
8.739758837997215,0
8.740479698986746,1
8.740899490978336,0
8.741618148982525,1
8.742033957998501,0
8.742765374976443,1
8.743186573992716,0
8.743910157994833,1
8.744338207994588,0
8.745075569982873,1
8.745501730998512,0
8.746220814995468,1
8.746639883989701,0
8.74735841198708,1
8.747776703996351,0
8.748498231987469,1
8.74891439298517,0
8.749639532994479,1
8.750059582991526,0
8.750795981992269,1
8.751217828976223,0
8.751959911984159,1
8.752381906990195,0
8.753130730998237,1
8.753557670977898,0
8.754249402991263,1
8.754670026974054,0
8.755416517989943,1
8.755837920994963,0
8.756605244998354,1
8.757046998973237,0
8.757771878998028,1
8.758207095990656,0
8.758943604974775,1
8.759368767001433,0
8.760113536001882,1
8.760541807976551,0
8.761280872975476,1
8.761706978984876,0
8.762432581977919,1
8.762857279973105,0
8.763605048996396,1
8.764038339984836,0
8.76477916399017,1
8.765209473989671,0
8.765936816984322,1
8.766356255975552,0
8.767281763983192,1
8.767713554989314,0
8.76845221198164,1
8.768908354977611,0
8.769632067997009,1
8.770124006987317,0
8.77088038699003,1
8.771318806975614,0
8.772059871989768,1
8.772500218998175,0
8.773241061979206,1
8.77366203800193,0
8.774380121991271,1
8.774790079973172,0
8.775513218977721,1
8.775928085000487,0
8.776646742975572,1
8.777068108000094,0
8.777803302975371,1
8.778226648981217,0
8.778938659001142,1
8.779360301996348,0
8.780104552977718,1
8.780527676979546,0
8.781245945981937,1
8.781659681990277,0
8.782379783981014,1
8.782795612991322,0
8.783530306973262,1
8.783952246973058,0
8.784668182983296,1
8.785087584983557,0
8.78580705798231,1
8.786230959987734,0
8.786939802987035,1
8.78736337198643,0
8.788086436979938,1
8.788505413976964,0
8.789228182984516,1
8.789648029982345,0
8.790383372979704,1
8.790811515995301,0
8.791546209977241,1
8.791974723979365,0
8.792663974978495,1
8.793115894979564,0
8.79378623899538,1
8.794213992980076,0
8.795059519994538,1
8.79549095898983,0
8.796222227974795,1
8.796643407986267,0
8.79735963998246,1
8.797776356979739,0
8.798495940980501,1
8.79891915799817,0
8.799656222981866,1
8.800079995999113,0
8.800815467984648,1
8.801234888989711,0
8.801983343000757,1
8.802400337997824,0
8.803127644001506,1
8.80354636098491,0
8.804272944980767,1
8.804688235977665,0
8.805409171996871,1
8.805821073998231,0
8.806551657995442,1
8.806967282987898,0
8.807703625992872,1
8.808122453978285,0
8.808852870977717,1
8.80927218098077,0
8.810003375983797,1
8.810416055988753,0
8.811138620978454,1
8.811555226973724,0
8.812272126000607,1
8.812683175987331,0
8.813399871985894,1
8.813809162995312,0
8.814533135999227,1
8.81494877897785,0
8.81567351098056,1
8.816087856976083,0
8.816801052977098,1
8.817210158973467,0
8.81792498298455,1
8.818336311989697,0
8.8190505989769,1
8.81945848299074,0
8.820177862973651,1
8.820600135979475,0
8.821286368998699,1
8.821708511997713,0
8.822431946988218,1
8.82285277597839,0
8.823536748997867,1
8.823961428977782,0
8.824677808996057,1
8.825091081991559,0
8.825802720995853,1
8.826214050001,0
8.826924873981625,1
8.827339202980511,0
8.828060415980872,1
8.828478762996383,0
8.829196420992957,1
8.829616415983764,0
8.831091008993099,1
8.831514392979443,0
8.83225643899641,1
8.832685342000332,0
8.833430795988534,1
8.833856030978495,0
8.83460654100054,1
8.835050479974598,0
8.835789766977541,1
8.836212520982372,0
8.836942975001875,1
8.837369413988199,0
8.838110867975047,1
8.838537566974992,0
8.839266409981064,1
8.839699663978536,0
8.84042358098668,1
8.840854779991787,0
8.841584418987622,1
8.842013339977711,0
8.84275334898848,1
8.843173917994136,0
8.843914427998243,1
8.844345125980908,0
8.845079783990514,1
8.84550442697946,0
8.84625701099867,1
8.84667798699229,0
8.847412144998088,1
8.847844509989955,0
8.848587000975385,1
8.849016180989565,0
8.849757763993694,1
8.850183184986236,0
8.850909027998568,1
8.851336430001538,0
8.852074476977577,1
8.852503730973694,0
8.853242036973825,1
8.853670532000251,0
8.854403615987394,1
8.854830887983553,0
8.855573137989268,1
8.855995040998096,0
8.856733994995011,1
8.857152729993686,0
8.857900165981846,1
8.858324067987269,0
8.859080928988988,1
8.859503942978336,0
8.86024343399913,1
8.860619243991096,0
8.861356178997084,1
8.861778877995675,0
8.862513979984215,1
8.86294208597974,0
8.867072072986048,1
8.8675005119876,0
8.86824063298991,1
8.868666682974435,0
8.869407914986368,1
8.869831002986757,0
8.87056138299522,1
8.870982321997872,0
8.871723182994174,1
8.872149918985087,0
8.87288642898784,1
8.873317459976533,0
8.87405343298451,1
8.874473538977327,0
8.875204418989597,1
8.875625154993031,0
8.87635277598747,1
8.876779825979611,0
8.877523760980694,1
8.877956718992209,0
8.878706320974743,1
8.879134056973271,0
8.879869065975072,1
8.880294301983668,0
8.881019608001225,1
8.881452176981838,0
8.8822037599748,1
8.882639217976248,0
8.88337411597604,1
8.883808110986138,0
8.884548268979415,1
8.884977337991586,0
8.885710939997807,1
8.886139637994347,0
8.886873703973833,1
8.887299494992476,0
8.888039651996223,1
8.888465554977302,0
8.88918443498551,1
8.889599021989852,0
8.890322957973694,1
8.890740137983812,0
8.891459056001622,1
8.891882272990188,0
8.89261104198522,1
8.89302931400016,0
8.893752082978608,1
8.894166559999576,0
8.894894846976968,1
8.895313749992056,0
8.896036018995801,1
8.896456475980813,0
8.897176337981364,1
8.897617684997385,0
8.898323601984885,1
8.898740114993416,0
8.899462217988912,1
8.899881175981136,0
8.900609167001676,1
8.901019198994618,0
8.901744985982077,1
8.90216027799761,0
8.902892120997421,1
8.903310411988059,0
8.904032810998615,1
8.904448545974446,0
8.90517735198955,1
8.905592439987231,0
8.906311467988417,1
8.906725795997772,0
8.907440991984913,1
8.907859671977349,0
8.908577755995793,1
8.908999898994807,0
8.909688074985752,1
8.910099643981084,0
8.9108219689806,1
8.911239574983483,0
8.911969084991142,1
8.912386543001048,0
8.913107422995381,1
8.913523009978235,0
8.91424251999706,1
8.914659477974055,0
8.915381542989053,1
8.915805241995258,0
8.916529621987138,1
8.916947949997848,0
8.917675052973209,1
8.918092324980535,0
8.918821519997437,1
8.919241514988244,0
8.919978246995015,1
8.920394537999528,0
8.921128695976222,1
8.9215533019742,0
8.922274440992624,1
8.92269743597717,0
8.923418223974295,1
8.92383738499484,0
8.92454359898693,1
8.92496346400003,0
8.925687769980868,1
8.926108783984091,0
8.926837070990587,1
8.927254010981414,0
8.92794409499038,1
8.928362496983027,0
8.929045858996687,1
8.929463262000354,0
8.930192252999404,1
8.930614043987589,0
8.931334294989938,1
8.931758974998957,0
8.932483335986035,1
8.932901904976461,0
8.933623377990443,1
8.934043353976449,0
8.934762993972981,1
8.935181766981259,0
8.935905053978786,1
8.936322215973632,0
8.937053280998953,1
8.937468201998854,0
8.938190414977726,1
8.938608780998038,0
8.939329624001402,1
8.939746840973385,0
8.940471294976305,1
8.940891104983166,0
8.941603521991055,1
8.942019979993347,0
8.942738470999757,1
8.943158113979734,0
8.943877771991538,1
8.944262434000848,0
8.944988165982068,1
8.945407808991149,0
8.946136707992991,1
8.94655183298164,0
8.947272656980203,1
8.947693818976404,0
8.948418476997176,1
8.94883565697819,0
8.949563795991708,1
8.949982068996178,0
8.950710096978582,1
8.951131832989631,0
8.951851749996422,1
8.952275614981772,0
8.953004513983615,1
8.95342208299553,0
8.95414020397584,1
8.954557660996215,0
8.955279485991923,1
8.955698906996986,0
8.956421582988696,1
8.956836522993399,0
8.957558513997355,1
8.957987304980634,0
8.958705129974987,1
8.959126235975418,0
8.959849134000251,1
8.960271906980779,0
8.96100573198055,1
8.961427985981572,0
8.962145457975566,1
8.962567526992643,0
8.963288758997805,1
8.963708809984382,0
8.964429893996567,1
8.964848017989425,0
8.965550324996002,1
8.965969559998484,0
8.96666388498852,1
8.967083324998384,0
8.967818018980324,1
8.968236458982574,0
8.968961375998333,1
8.96938161199796,0
8.970108713983791,1
8.9705253749853,0
8.971244236978237,1
8.971663453994552,0
8.972382482985267,1
8.972800625982927,0
8.973522246989887,1
8.973938926996198,0
8.97466739898664,1
8.975088171981042,0
8.975820162973832,1
8.976246195001295,0
8.976977796992287,1
8.977400143980049,0
8.978140838997206,1
8.978565481986152,0
8.979284231987549,1
8.979702874989016,0
8.980437606980558,1
8.980864434997784,0
8.981615870987298,1
8.982043439988047,0
8.98286091099726,1
8.98321661099908,0
8.983970471977955,1
8.984398966975277,0
8.985127475985792,1
8.985549970995635,0
8.98627948097419,1
8.986700512992684,0
8.987423429993214,1
8.987847961980151,0
8.9885881379887,1
8.989014725986635,0
8.989755549991969,1
8.99017641498358,0
8.990930924977874,1
8.991357474995311,0
8.99203939299332,1
8.992435331980232,0
8.99317100897315,1
8.993555947992718,0
8.994293142983224,1
8.994717322988436,0
8.995465424988652,1
8.99589010499767,0
8.996623040991835,1
8.997048220975557,0
8.997793766990071,1
8.998222317983164,0
8.99895043799188,1
8.999379543995019,0
9.000112423993414,1
9.000538511987543,0
9.001279428979615,1
9.001705312984996,0
9.002423562982585,1
9.002845279988833,0
9.003578826988814,1
9.004003673995612,0
9.004735071997857,1
9.005158881976968,0
9.005885094986297,1
9.006313293997664,0
9.007048432977172,1
9.00749185399036,0
9.008235603978392,1
9.008672912983457,0
9.009419274982065,1
9.00984267698368,0
9.010564500989858,1
9.010979533981299,0
9.011706099001458,1
9.012125833978644,0
9.012848454993218,1
9.013266950001707,0
9.013989200990181,1
9.014399159001186,0
9.015119168994715,1
9.015543681976851,0
9.016267524973955,1
9.01669146399945,0
9.017411788983736,1
9.017781413975172,0
9.018504756997572,1
9.018925325974124,0
9.019652946997667,1
9.020071478997124,0
9.020803247985896,1
9.021218797977781,0
9.021938418998616,1
9.022361228999216,0
9.023055220983224,1
9.023473752982682,0
9.024209669994889,1
9.024630163999973,0
9.025359673978528,1
9.025785742996959,0
9.026513067976339,1
9.026938024995616,0
9.027670015988406,1
9.028090140986023,0
9.028823224973166,1
9.029244812001707,0
9.029988728987519,1
9.030422612995608,0
9.031155418982962,1
9.031577877001837,0
9.032300237973686,1
9.032716084999265,0
9.033437760983361,1
9.03385944198817,0
9.034592858981341,1
9.035048741992796,0
9.035776806995273,1
9.036209653975675,0
9.036889941984555,1
9.037309825973352,0
9.038033168995753,1
9.038454292982351,0
9.039175821992103,1
9.039602352975635,0
9.040342714986764,1
9.040771820989903,0
9.041509385977406,1
9.041933028987842,0
9.042652612988604,1
9.043047033977928,0
9.04376496997429,1
9.044174187001772,0
9.044880770990858,1
9.045299080986297,0
9.045983071991941,1
9.046396307996474,0
9.047109539998928,1
9.04752086897497,0
9.0482333409891,1
9.048641521978425,0
9.049362956982804,1
9.04977887799032,0
9.050511831999756,1
9.050925289979205,0
9.051646540989168,1
9.052059313980862,0
9.052739175996976,1
9.053148262988543,0
9.053858383995248,1
9.054267471976345,0
9.05495483399136,1
9.05537886597449,0
9.056067838973831,1
9.056732478988124,0
9.05745317399851,1
9.057862446992658,0
9.058583048987202,1
9.058998321997933,0
9.059726812993176,1
9.060150011995574,0
9.060868280997965,1
9.061277108994545,0
9.061986952990992,1
9.062393873988185,0
9.06310969797778,1
9.063522007985739,0
9.064232239994453,1
9.064639549993444,0
9.065346744988346,1
9.065757054981077,0
9.06647482397966,1
9.06689000397455,0
9.06761616197764,1
9.068030860973522,0
9.068748851976125,1
9.06916199499392,0
9.069882578973193,1
9.07029816697468,0
9.071046342985937,1
9.0714690599998,0
9.072204625001177,1
9.072618360980414,0
9.07333603699226,1
9.073748476977926,0
9.074464338977123,1
9.074873147998005,0
9.075594324996928,1
9.076003300986486,0
9.076715495990356,1
9.077127564989496,0
9.077848908986198,1
9.078262606984936,0
9.078980227990542,1
9.079399574984564,0
9.08036017397535,1
9.080794483976206,0
9.081550233997405,1
9.081985283992253,0
9.082741737976903,1
9.083161103975726,0
9.083928593987366,1
9.08437697798945,0
9.085107820981648,1
9.08552894499735,0
9.086239695985569,1
9.086653912992915,0
9.087366274994565,1
9.087779010995291,0
9.08850201999303,1
9.088916255976073,0
9.089634470001329,1
9.090045797987841,0
9.090758751990506,1
9.091172894986812,0
9.091907997993985,1
9.092304992984282,0
9.093015891994582,1
9.093432978988858,0
9.094149507000111,1
9.094562353973743,0
9.095274548977613,1
9.095687210996402,0
9.096399572998052,1
9.096807882975554,0
9.097524318000069,1
9.097935016994597,0
9.098655081994366,1
9.099040410976158,0
9.099778123985743,1
9.100193655991461,0
9.100874073978048,1
9.101249902974814,0
9.101966912974603,1
9.102381277974928,0
9.103161045990419,1
9.103577133995714,0
9.104287254973315,1
9.104696768976282,0
9.105429425981129,1
9.105840809992515,0
9.106567967974115,1
9.10698718499043,0
9.107702453999082,1
9.10813013400184,0
9.1088484399952,1
9.109265657985816,0
9.110279200976947,1
9.110723472986137,0
9.11146151999128,1
9.111896384973079,0
9.112657505000243,1
9.113093925989233,0
9.113825861975783,1
9.114256967994152,0
9.114983070001472,1
9.115400601993315,0
9.116128333989764,1
9.1165391249815,0
9.117253467993578,1
9.117668740975205,0
9.118387991999043,1
9.118800523981918,0
9.119527921982808,1
9.119944935984677,0
9.120662093977444,1
9.12106251498335,0
9.121783227979904,1
9.122155630990164,0
9.122887621982954,1
9.1233022469969,0
9.124031144980108,1
9.12444773298921,0
9.12516933499137,1
9.125580978987273,0
9.12629483998171,1
9.126702890993329,0
9.12742227097624,1
9.127831950987456,0
9.128542256978108,1
9.128954714979045,0
9.129675946984207,1
9.130114423984196,0
9.130891098990105,1
9.131315223989077,0
9.13508897399879,1
9.135530950996326,0
9.136260607978329,1
9.136683880991768,0
9.137410501978593,1
9.13785673698294,0
9.138606449996587,1
9.139144628978102,0
9.139881638984662,1
9.14030926299165,0
9.141048438992584,1
9.141477433993714,0
9.142209832993103,1
9.142639882978983,0
9.14336835598806,1
9.14379683198058,0
9.144535952975275,1
9.144970094988821,0
9.14569936398766,1
9.146118748001754,0
9.14685753599042,1
9.14729401198565,0
9.148031409975374,1
9.148469811974792,0
9.149228358990513,1
9.149657353991643,0
9.150405751977814,1
9.150836894987151,0
9.151587422995362,1
9.152015250991099,0
9.152776000992162,1
9.153223457979038,0
9.153969134989893,1
9.15441972197732,0
9.155150971986586,1
9.155598596000345,0
9.156330031983089,1
9.156781414989382,0
9.157548053975916,1
9.157995900983224,0
9.158740502985893,1
9.159166274999734,0
9.159919191995868,1
9.160373889986658,0
9.161122140998486,1
9.16156831997796,0
9.162324421980884,1
9.162777638994157,0
9.163516685977811,1
9.163949920999585,0
9.164709912001854,1
9.16514681398985,0
9.165904100984335,1
9.16633263300173,0
9.167058938997798,1
9.167501525982516,0
9.168260294973152,1
9.168693344981875,0
9.169445298990468,1
9.16987503497512,0
9.170615691982675,1
9.171055519982474,0
9.171797029994195,1
9.172230801981641,0
9.172975181980291,1
9.173416046978673,0
9.174159222980961,1
9.17458214398357,0
9.175320634996751,1
9.175751388975186,0
9.176478028995916,1
9.17692605999764,0
9.17766712498269,1
9.17810071297572,0
9.17886379599804,1
9.17929432800156,0
9.180037671001628,1
9.180467183992732,0
9.181223489984404,1
9.181660002999706,0
9.182401678990573,1
9.18284956298885,0
9.183594386995537,1
9.184029233001638,0
9.184775873000035,1
9.185204440989764,0
9.185937357979128,1
9.186354815989034,0
9.187048214982497,1
9.187477654981194,0
9.188228274986614,1
9.18867645499995,0
9.189421334973304,1
9.189851848001126,0
9.19058930198662,1
9.191043481987435,0
9.191784731985535,1
9.192219226999441,0
9.192964217974804,1
9.193398952978896,0
9.194140925974352,1
9.194573697983287,0
9.195309929986252,1
9.195742516982136,0
9.196467767993454,1
9.196911354985787,0
9.197639291000087,1
9.198090636986308,0
9.198832405993016,1
9.19927777099656,0
9.200035668996861,1
9.200506829976803,0
9.201224394986639,1
9.201661852974212,0
9.202410769998096,1
9.202841708989581,0
9.20358471898362,1
9.204015898983926,0
9.204769703996135,1
9.205207828985294,0
9.205947579001077,1
9.206371277978178,0
9.207099638995714,1
9.20754237397341,0
9.208293550997041,1
9.208733341976767,0
9.20947403597529,1
9.209919585991884,0
9.210664021986304,1
9.211084682989167,0
9.211827988998266,1
9.212265205977019,0
9.213005381985568,1
9.213443561980966,0
9.21419088699622,1
9.214625195978442,0
9.215357834997121,1
9.21579642299912,0
9.21652517298935,1
9.21695227897726,0
9.217693676997442,1
9.218146097991848,0
9.21888571899035,1
9.219315175985685,0
9.220053389988607,1
9.220503698976245,0
9.22125822698581,1
9.22169029599172,0
9.222444546001498,1
9.22290007697302,0
9.223642197990557,1
9.22408159999759,0
9.224828349979362,1
9.225263048982015,0
9.226001650997205,1
9.226424663997022,0
9.227149914979236,1
9.227593502000673,0
9.22832923399983,1
9.228757542994572,0
9.229493274993729,1
9.229918547993293,0
9.23064939098549,1
9.23104623798281,0
9.231787746975897,1
9.23221188999014,0
9.23295651099761,1
9.2333808389958,0
9.23411455299356,1
9.23454519599909,0
9.23527388999355,1
9.235699015000137,0
9.23641943198163,1
9.236842833983246,0
9.237575510982424,1
9.237998542987043,0
9.238724033988547,1
9.239125769992825,0
9.239851612976054,1
9.240281921986025,0
9.2410224689811,1
9.241452333983034,0
9.24218663998181,1
9.24260643098387,0
9.24333701498108,1
9.243762231984874,0
9.2444917599787,1
9.244919773977017,0
9.245659690001048,1
9.246087036997778,0
9.246817064995412,1
9.247245152975665,0
9.247977366001578,1
9.248397916991962,0
9.249146758986171,1
9.249591938976664,0
9.250330855982611,1
9.250771035993239,0
9.251503785984823,1
9.25193303998094,0
9.252664179977728,1
9.253087488992605,0
9.253823109989753,1
9.25425058597466,0
9.255005336977774,1
9.255433738988359,0
9.256167007988552,1
9.256591539975489,0
9.257338900992181,1
9.25777059898246,0
9.2585048309993,1
9.258949936978752,0
9.259700761002023,1
9.26012647798052,0
9.260853820975171,1
9.261298074998194,0
9.262034899991704,1
9.262471430993173,0
9.263208329997724,1
9.2636358619784,0
9.264376129984157,1
9.264820235985098,0
9.265580337989377,1
9.265999795985408,0
9.266726842994103,1
9.267147763981484,0
9.267902902996866,1
9.268328470992856,0
9.269067499990342,1
9.269513475999702,0
9.27026996598579,1
9.270701664994704,0
9.271427451982163,1
9.271877779974602,0
9.27264265998383,1
9.273074044001987,0
9.273807737976313,1
9.274254176998511,0
9.275067018985283,1
9.275468291976722,0
9.276199060986983,1
9.27662550099194,0
9.277379527979065,1
9.277805448975414,0
9.278543402993819,1
9.278986527991947,0
9.279749388981145,1
9.280177994980477,0
9.280911281995941,1
9.281342424976174,0
9.28207550899242,1
9.282527854986256,0
9.28326279099565,1
9.283695544989314,0
9.284440720977727,1
9.284875548997661,0
9.285599706985522,1
9.286032200994669,0
9.286763580981642,1
9.287183816981269,0
9.287919548980426,1
9.288353709998773,0
9.28910140498192,1
9.289531769987661,0
9.290271353995195,1
9.29071590397507,0
9.29145139499451,1
9.291882167977747,0
9.292615121987183,1
9.293058949988335,0
9.293824680993566,1
9.294264823984122,0
9.295007629989414,1
9.29545556899393,0
9.296212540997658,1
9.296637313993415,0
9.29737937898608,1
9.297830725001404,0
9.298572289990261,1
9.299043691979023,0
9.299769441975513,1
9.300219343975186,0
9.300978427985683,1
9.301411792985164,0
9.302162061998388,1
9.30260700098006,0
9.303334324999014,1
9.303785172000062,0
9.304530236986466,1
9.304981489985948,0
9.305742239987012,1
9.30617616098607,0
9.30692383699352,1
9.307353201991646,0
9.308094415988307,1
9.308548520988552,0
9.309318344981875,1
9.309749154985184,0
9.310494274977827,1
9.310951713996474,0
9.311708445980912,1
9.312146495998604,0
9.312891968991607,1
9.313341129978653,0
9.314108231978025,1
9.314538614999037,0
9.315268198988633,1
9.315720859973226,0
9.316456017986638,1
9.316884882980958,0
9.317658336978639,1
9.318108979990939,0
9.318873821990564,1
9.31932179798605,0
9.320048011984909,1
9.320495635998668,0
9.321264607977355,1
9.321699528984027,0
9.32243450099486,1
9.322898180980701,0
9.323658004985191,1
9.324096406984609,0
9.32483897198108,1
9.325297114992281,0
9.326050586998463,1
9.326487303973408,0
9.327222313993843,1
9.327666937984759,0
9.328426520980429,1
9.328865126997698,0
9.329608784988523,1
9.330067982984474,0
9.330824843986193,1
9.331252190982923,0
9.33200149598997,1
9.332453732000431,0
9.333211277989903,1
9.333650050975848,0
9.334389596973779,1
9.334839461982483,0
9.33557808297337,1
9.336006225988967,0
9.33673175398144,1
9.33716713800095,0
9.337925961997826,1
9.338353974977508,0
9.339063206978608,1
9.339511016994948,0
9.34025648899842,1
9.340694057988003,0
9.341439566982444,1
9.3418954689987,0
9.34265810798388,1
9.3430562139838,0
9.34379144597915,1
9.34425151499454,0
9.345014449994778,1
9.34543803698034,0
9.346177490981063,1
9.346611189976102,0
9.347340958978748,1
9.347778545983601,0
9.348524517990882,1
9.34898280899506,0
9.349743280996336,1
9.350180905981688,0
9.350915340997744,1
9.351359928987222,0
9.352121826988878,1
9.352560376981273,0
9.353297904977808,1
9.353753659001086,0
9.354502797999885,1
9.354963514982956,0
9.355726338981185,1
9.35615579597652,0
9.35689900998841,1
9.357354966981802,0
9.358142086974112,1
9.358582155982731,0
9.359321998985251,1
9.359786326996982,0
9.360552872996777,1
9.360994071001187,0
9.361741172993788,1
9.362195907975547,0
9.362952083989512,1
9.36339172697626,0
9.364137532975292,1
9.364583490998484,0
9.365351517975796,1
9.365785271977074,0
9.366538484988268,1
9.366987609973876,0
9.36774830397917,1
9.368187057989417,0
9.36894302998553,1
9.36941063599079,0
9.370170089998282,1
9.370611509977607,0
9.371347260981565,1
9.371806791983545,0
9.372572800988564,1
9.373008739989018,0
9.373735527973622,1
9.374183337000431,0
9.374930161982775,1
9.375364452978829,0
9.376091461977921,1
9.376520549994893,0
9.377262373978738,1
9.37770153497695,0
9.37844319298165,1
9.378904557990609,0
9.379675623000367,1
9.380116005981108,0
9.380860774981556,1
9.381323916983092,0
9.382087870995747,1
9.382545957982074,0
9.383284226991236,1
9.383712221984752,0
9.384453823993681,1
9.384915948001435,0
9.385682586987969,1
9.3861082479998,0
9.386844238993945,1
9.38727247499628,0
9.38804544697632,1
9.388478145992849,0
9.389248932973715,1
9.389685111993458,0
9.390429899998708,1
9.390892449999228,0
9.391636495973216,1
9.392098230979173,0
9.3928493699932,1
9.39330760599114,0
9.394066744978772,1
9.394502386974636,0
9.395243877981557,1
9.395696724997833,0
9.39642590098083,1
9.396854710998014,0
9.397616164991632,1
9.398053455981426,0
9.398794816981535,1
9.399224681983469,0
9.399988616991322,1
9.400418444973184,0
9.401160880981479,1
9.401622115983628,0
9.402395902987337,1
9.402834563981742,0
9.403589795983862,1
9.404024308983935,0
9.404783280973788,1
9.40522014599992,0
9.405940118973376,1
9.406364780996228,0
9.4070978089876,1
9.407543154986342,0
9.408291923988145,1
9.408736381999915,0
9.409478057990782,1
9.409920848993352,0
9.410678765998455,1
9.411110093991738,0
9.411863658984657,1
9.412309041974368,0
9.41306742199231,1
9.413500341994222,0
9.414236296986928,1
9.414676068990957,0
9.41542135598138,1
9.415855350991478,0
9.416586971987272,1
9.417017521976959,0
9.417779308976606,1
9.41820932200062,0
9.418948238977464,1
9.419411326001864,0
9.420161002984969,1
9.42059568199329,0
9.421319895976922,1
9.421773482987192,0
9.42253217799589,1
9.422970838990295,0
9.423720366990892,1
9.424174694984686,0
9.42493520397693,1
9.425368142983643,0
9.426107522973325,1
9.42653618499753,0
9.42727136099711,1
9.427710614982061,0
9.428459513001144,1
9.428919025987852,0
9.42967905398109,1
9.43011430799379,0
9.430859205982415,1
9.43129816398141,0
9.432058469974436,1
9.432507333985996,0
9.43324847400072,1
9.433705412986455,0
9.43447819899302,1
9.434919860999798,0
9.435656758985715,1
9.436117993987864,0
9.436857725988375,1
9.43728590599494,0
9.43802284199046,1
9.438477965974016,0
9.439222141983919,1
9.439657932991395,0
9.44040166499326,1
9.440854751999723,0
9.441608075983822,1
9.442037625994999,0
9.442780857993057,1
9.443225518974941,0
9.443995768990135,1
9.444429115974344,0
9.445159199996851,1
9.44560815699515,0
9.446365221985616,1
9.446792253991589,0
9.447523429989815,1
9.447983294987353,0
9.448732267977903,1
9.449164798978018,0
9.449903531000018,1
9.4503315439797,0
9.451069812988862,1
9.451510437997058,0
9.452268558001379,1
9.45533598397742,0
9.45610382599989,1
9.457212423993042,0
9.4585023339896,1
9.479078917996958,0
9.479830538999522,1
9.48026403397671,0
9.48100535798585,1
9.48144350099028,0
9.482181176979793,1
9.482618949987227,0
9.48335079298704,1
9.483806675998494,0
9.484547296975506,1
9.485001605993602,0
9.485772466985509,1
9.486212201998569,0
9.486960100999568,1
9.487413205992198,0
9.488196270976914,1
9.48863943197648,0
9.48937679399387,1
9.489824844000395,0
9.490571926988196,1
9.491007273987634,0
9.49175048698089,1
9.492201610992197,0
9.492963101976784,1
9.493407355999807,0
9.49415612500161,1
9.494606840977212,0
9.49535190698225,1
9.495797474985011,0
9.496558113984065,1
9.4970075719757,0
9.497767043998465,1
9.498235797975212,0
9.499388931988506,1
9.49948804199812,0
9.500260346976575,1
9.500688137981342,0
9.501387406984577,1
9.50181143899681,0
9.502509597979952,1
9.502927333000116,0
9.503636731998995,1
9.504064263979672,0
9.504821680980967,1
9.505262416001642,0
9.50597155597643,1
9.506393253977876,0
9.507123374991352,1
9.507548702997155,0
9.508271656988654,1
9.50872135598911,0
9.509426698990865,1
9.509850434988039,0
9.510546721983701,1
9.510969513998134,0
9.511699707974913,1
9.512123554974096,0
9.51280071400106,1
9.513216819992522,0
9.513936717994511,1
9.514367083989782,0
9.515093629976036,1
9.51553258797503,0
9.516264967998723,1
9.5166895739967,0
9.517434731998947,1
9.517880836996483,0
9.518642049981281,1
9.519091970985755,0
9.51979749900056,1
9.520218901976477,0
9.52094326299266,1
9.521379109995905,0
9.522040379990358,1
9.522463559987955,0
9.52318399498472,1
9.52363156399224,0
9.52708724400145,1
9.527535517001525,0
9.52829417400062,1
9.528748038981576,0
9.529491955996491,1
9.529925024980912,0
9.53068534898921,1
9.531114880985115,0
9.531875945976935,1
9.532326124986866,0
9.533063449984184,1
9.533513203990879,0
9.534255156992003,1
9.53468470799271,0
9.535412939992966,1
9.53584256398608,0
9.53657344399835,1
9.536999031988671,0
9.537745781999547,1
9.538176220987225,0
9.538915007986361,1
9.539347076992271,0
9.54009054999915,1
9.54052178497659,0
9.541265831998317,1
9.541692159982631,0
9.542428966000443,1
9.542860237997957,0
9.543598543998087,1
9.544032631994924,0
9.544756733987015,1
9.54517546997522,0
9.545919478987344,1
9.546350991993677,0
9.547061612975085,1
9.547509922995232,0
9.548269024991896,1
9.548707390000345,0
9.549446695978986,1
9.549876245990163,0
9.550620811001863,1
9.551056768978015,0
9.55180044498411,1
9.552239457989344,0
9.5529801340017,1
9.553408537001815,0
9.554150027979631,1
9.554582688986557,0
9.555318142985925,1
9.55575215598219,0
9.55649251799332,1
9.556923308991827,0
9.557667966000736,1
9.558099997986574,0
9.558826970984228,1
9.559269742981996,0
9.560020807984984,1
9.560454061982455,0
9.561199663992738,1
9.561642306973226,0
9.562388464983087,1
9.562822644977132,0
9.563566190976417,1
9.564000389975263,0
9.564741509995656,1
9.565179819997866,0
9.565906329982681,1
9.566336564981611,0
9.56704750098288,1
9.567490754998289,0
9.56822587599163,1
9.568635203992017,0
9.569359565997729,1
9.569799894001335,0
9.570539810985792,1
9.570963286998449,0
9.571723073982866,1
9.572162179974839,0
9.572898577986052,1
9.573322313983226,0
9.574095655989368,1
9.57452444700175,0
9.5752518279769,1
9.575686118972953,0
9.576418127981015,1
9.576865863986313,0
9.577595057984581,1
9.578025663999142,0
9.578766228980385,1
9.583059992000926,0
9.583804761001375,1
9.584236107999459,0
9.584979672974441,1
9.585418944974663,0
9.58615791797638,1
9.586592800973449,0
9.58732097799657,1
9.58777221298078,0
9.588544203987112,1
9.588991086988244,0
9.589733392989729,1
9.590163387998473,0
9.590905341989128,1
9.591336354991654,0
9.592063160991529,1
9.592485599976499,0
9.593212609994225,1
9.593645919987466,0
9.5943850959884,1
9.594822738989023,0
9.595562581002014,1
9.595998094999231,0
9.59673006698722,1
9.59715439597494,0
9.597893830999965,1
9.598322862992063,0
9.599065445974702,1
9.59950281199417,0
9.600244450994069,1
9.600679500988917,0
9.601409547991352,1
9.601845986995613,0
9.60258164498373,1
9.60305941698607,0
9.603805277991341,1
9.604232401994523,0
9.60706512699835,1
9.60750130697852,0
9.608249538985547,1
9.608691810979508,0
9.609432247001678,1
9.609866611979669,0
9.610616565973032,1
9.61107944897958,0
9.611836161988322,1
9.612278619984863,0
9.613043091987493,1
9.61346793899429,0
9.614199910982279,1
9.614621553977486,0
9.615340508986264,1
9.615770559001248,0
9.616501549986424,1
9.616931970987935,0
9.61766797999735,1
9.618095956975594,0
9.618829725979595,1
9.61926092399517,0
9.620010136975907,1
9.620445001986809,0
9.621194844978163,1
9.621625414001755,0
9.622359164000954,1
9.62278710398823,0
9.623529723990941,1
9.623967588995583,0
9.624720838997746,1
9.625158055976499,0
9.625903657986782,1
9.626328874990577,0
9.627055643999483,1
9.627479416987626,0
9.628228574991226,1
9.628647569974419,0
9.62937622697791,1
9.629800481983693,0
9.630538416997297,1
9.630963689996861,0
9.631706661981298,1
9.63213210098911,0
9.632881740981247,1
9.633315271988977,0
9.634059078001883,1
9.634497275983449,0
9.635223082994344,1
9.63565231798566,0
9.63640566097456,1
9.6368331189733,0
9.637590423983056,1
9.638013177987887,0
9.638762483984465,1
9.639202607999323,0
9.639959357999032,1
9.640392500994494,0
9.641143158980412,1
9.641570765001234,0
9.64231060797465,1
9.642746750992956,0
9.643481685983716,1
9.643918217974715,0
9.644653504976304,1
9.645089314988581,0
9.645827064989135,1
9.646259264001856,0
9.647003198973835,1
9.647431823977968,0
9.648180110991234,1
9.648624105000636,0
9.649372818996198,1
9.649797312973533,0
9.650521044997731,1
9.650955613993574,0
9.651711048994912,1
9.652137525990838,0
9.652859220979735,1
9.653279808000661,0
9.653990002989303,1
9.654409775976092,0
9.655132729996694,1
9.655576872988604,0
9.65631712297909,1
9.656748117995448,0
9.657486275973497,1
9.657921492995229,0
9.658664668997517,1
9.6590099799796,0
9.659827024996048,1
9.660255556984339,0
9.660979047999717,1
9.661401190998731,0
9.66213221999351,1
9.662519751989748,0
9.663263649999863,1
9.663694774993928,0
9.664439283980755,1
9.664875685994048,0
9.665584788977867,1
9.666009449982084,0
9.666732200974366,1
9.66715730697615,0
9.667882612993708,1
9.668321366974851,0
9.669058394996682,1
9.669494166999357,0
9.670231250987854,1
9.670658004994038,0
9.671402365987888,1
9.67183428700082,0
9.672578759986209,1
9.673013291001553,0
9.673762004997116,1
9.67419110998162,0
9.674935341987293,1
9.675374965998344,0
9.676127845974406,1
9.676569655974163,0
9.677323127980344,1
9.677768825989915,0
9.678534835984465,1
9.678981496981578,0
9.679736468999181,1
9.68016979697859,0
9.68093552897335,1
9.681370985985268,0
9.682131865993142,1
9.682565953000449,0
9.683312517998274,1
9.683745401998749,0
9.684496077999938,1
9.684932442993158,0
9.685667933983495,1
9.686104743974283,0
9.686835864995373,1
9.68727113699424,0
9.688036645995453,1
9.68847356698825,0
9.689227742986986,1
9.689678200986236,0
9.690419894992374,1
9.690872037986992,0
9.69161704799626,1
9.692065893992549,0
9.692805310973199,1
9.693241139000747,0
9.693996073998278,1
9.694434512988664,0
9.695172929990804,1
9.695627609995427,0
9.697864435001975,1
9.698326132987859,0
9.699188010999933,1
9.69965380197391,0
9.700416904001031,1
9.700873675988987,0
9.701636462996248,1
9.702078901987989,0
9.70284752297448,1
9.703288461983902,0
9.704047174978768,1
9.704481836000923,0
9.705249770981027,1
9.70569702499779,0
9.706425126991235,1
9.70688843698008,0
9.707627760973992,1
9.708067162981024,0
9.708832616975997,1
9.709268092992716,0
9.71001499099657,1
9.710470614983933,0
9.711203143990133,1
9.711657082982128,0
9.712401721975766,1
9.712835289974464,0
9.713603762997082,1
9.71403751699836,0
9.71478171099443,1
9.715216446988052,0
9.715978881984483,1
9.716411542991409,0
9.717151848977664,1
9.717587195977103,0
9.718355463992339,1
9.718812736973632,0
9.719549801986432,1
9.719974888983415,0
9.720746046979912,1
9.721178114996292,0
9.721917291986756,1
9.722349434974603,0
9.723079739982495,1
9.723524790984811,0
9.724266336997971,1
9.724704109976301,0
9.725455248990329,1
9.72588089198689,0
9.72660993799218,1
9.727060765988426,0
9.727804738999112,1
9.728260251984466,0
9.729012797994073,1
9.729440792987589,0
9.730205375992227,1
9.730639852990862,0
9.731377991993213,1
9.731814189988654,0
9.732568495994201,1
9.733006360998843,0
9.73374196299119,1
9.734194938995643,0
9.734936170978472,1
9.735381739999866,0
9.73611154599348,1
9.73654807699495,0
9.737291790981544,1
9.737722877995111,0
9.738487719994737,1
9.73892512297607,0
9.73967740999069,1
9.740108015976148,0
9.74085513598402,1
9.741306093987077,0
9.742049287975533,1
9.742514374986058,0
9.743270013976144,1
9.743705823988421,0
9.74447224100004,1
9.744913105998421,0
9.745659022999462,1
9.746078035997925,0
9.746831286000088,1
9.747257743991213,0
9.74802371597616,1
9.748476395994658,0
9.749224015977234,1
9.749674028978916,0
9.750407020997955,1
9.750839033978991,0
9.751590968982782,1
9.752021852997132,0
9.75275080697611,1
9.753180282976246,0
9.753914607979823,1
9.754362175997812,0
9.755061482981546,1
9.755512476986041,0
9.756259949994273,1
9.756687888992019,0
9.757440286979545,1
9.757873818976805,0
9.758635401987704,1
9.759050211985596,0
9.759824331995333,1
9.76026403097785,0
9.761035873001674,1
9.761498996987939,0
9.762251729000127,1
9.762714871001663,0
9.763485713978298,1
9.763928264001152,0
9.764702680986375,1
9.765140841976972,0
9.765872628981015,1
9.766326290991856,0
9.767048633977538,1
9.767493998981081,0
9.768237674987176,1
9.768675243976759,0
9.769420974975219,1
9.769875339989085,0
9.770632960979128,1
9.771081714978209,0
9.771837001986569,1
9.772273847978795,0
9.772995246981736,1
9.773421204998158,0
9.774184269976104,1
9.774614800990093,0
9.775363551976625,1
9.775783694989514,0
9.77652974097873,1
9.77697547597927,0
9.77772811599425,1
9.778162665985292,0
9.77890437899623,1
9.779330984980334,0
9.78006080898922,1
9.780507599993143,0
9.781244443001924,1
9.781667770992499,0
9.782404873985797,1
9.782823553978233,0
9.783564933983143,1
9.784011446987279,0
9.784759085974656,1
9.785181895975256,0
9.785945515992353,1
9.786372195987497,0
9.787099445995409,1
9.78751323799952,0
9.788243061979301,1
9.788673537987052,0
9.789418714994099,1
9.789846208994277,0
9.79058408900164,1
9.790956991986604,0
9.791684705996886,1
9.792113812000025,0
9.792842098977417,1
9.793263612984447,0
9.794000344001688,1
9.794426376000047,0
9.795148089993745,1
9.795573769981274,0
9.79631863097893,1
9.796753199974773,0
9.797513597994111,1
9.797957703995053,0
9.798674250982003,1
9.799097596987849,0
9.799864328990225,1
9.800307564000832,0
9.801102924975567,1
9.801533585996367,0
9.80306790099712,1
9.803500210982747,0
9.80424449799466,1
9.804697343992302,0
9.805422612989787,1
9.805867366987513,0
9.806604061974213,1
9.807080611994024,0
9.807825602998491,1
9.808279837976443,0
9.809049920993857,1
9.809475137997651,0
9.810224018001463,1
9.810663179989206,0
9.811401429993566,1
9.811848016979638,0
9.812588192988187,1
9.813017150998348,0
9.813741863996256,1
9.814165174000664,0
9.814912128000287,1
9.815341882000212,0
9.81608916897676,1
9.816512200981379,0
9.817244673991809,1
9.817678908992093,0
9.818458177993307,1
9.818901634978829,0
9.819646236981498,1
9.820089416985866,0
9.820832926983712,1
9.821277883980656,0
9.822041152976453,1
9.822478221991332,0
9.823206656990806,1
9.823631947976537,0
9.82437901297817,1
9.824813600978814,0
9.825545461993897,1
9.825977697997587,0
9.826718910975615,1
9.827147609001258,0
9.827885785984108,1
9.828316465980606,0
9.829071938002016,1
9.829513098986354,0
9.83024934999412,1
9.830684269982157,0
9.831429075973574,1
9.831867367000086,0
9.832613524980843,1
9.833060778997606,0
9.833800769993104,1
9.834236708993558,0
9.834981643973151,1
9.835413953987882,0
9.836156407982344,1
9.836584864999168,0
9.837320578983054,1
9.837749906990211,0
9.838511619978817,1
9.838954614999238,0
9.839711012988118,1
9.840153081982862,0
9.840894220978953,1
9.841326252993895,0
9.8420775400009,1
9.84251070098253,0
9.843242728995392,1
9.843679704994429,0
9.844428547978168,1
9.84486357998685,0
9.845605144975707,1
9.846034139976837,0
9.846767574985279,1
9.847191495995503,0
9.847931505995803,1
9.848371722997399,0
9.84911250998266,1
9.849535708985059,0
9.850270051974803,1
9.850704990996746,0
9.851441018981859,1
9.851872216997435,0
9.85261252298369,1
9.85304811099195,0
9.853816934977658,1
9.854253058991162,0
9.854964123980608,1
9.855946241994388,0
9.856679936987348,1
9.857104301976506,0
9.85787149699172,1
9.858319268998457,0
9.859091296995757,1
9.859525957988808,0
9.860279670974705,1
9.860703980986727,0
9.861442619992886,1
9.86186929998803,0
9.862622142973123,1
9.863057044974994,0
9.863800535997143,1
9.864241511997534,0
9.864989057998173,1
9.8654167749919,0
9.866151451977203,1
9.867072051973082,0
9.867761728994083,1
9.868191482994007,0
9.868946898990544,1
9.869383430981543,0
9.870143588981591,1
9.870588175981538,0
9.871333166986005,1
9.8717658839887,0
9.872515300987288,1
9.872966702998383,0
9.873728601000039,1
9.87418189199525,0
9.874943437986076,1
9.875377432996174,0
9.876112830999773,1
9.876553825975861,0
9.877289742988069,1
9.87774894098402,0
9.878515801974572,1
9.878967222000938,0
9.879713249974884,1
9.880183096975088,0
9.880944864999037,1
9.881399266974768,0
9.882149313983973,1
9.882572641974548,0
9.883298984990688,1
9.883737627998926,0
9.884487025992712,1
9.884931686974596,0
9.885677677986678,1
9.886113802989712,0
9.886854682001285,1
9.887282140000025,0
9.888041037978837,1
9.888481032976415,0
9.889218912983779,1
9.889651814999525,0
9.890408824983751,1
9.890852948999964,0
9.891605642973445,1
9.892046415974619,0
9.892779295973014,1
9.895101433998207,0
9.895840462995693,1
9.896279882988892,0
9.89703837397974,1
9.897469183983048,0
9.898232673993334,1
9.898660131992074,0
9.89936549399863,1
9.89982626598794,0
9.900588256976334,1
9.901017677999334,0
9.901751058001537,1
9.902176774980035,0
9.902932135999436,1
9.903362981975079,0
9.904113084980054,1
9.904557134985225,0
9.905304384999909,1
9.905736175976926,0
9.906462111975998,1
9.90688901397516,0
9.907646726991516,1
9.908091165998485,0
9.908853952976642,1
9.909313854994252,0
9.910084345989162,1
9.910545728984289,0
9.911291311989771,1
9.911736510985065,0
9.912506426975597,1
9.912953180988552,0
9.913717245974112,1
9.914144129987108,0
9.91506717397715,1
9.915500205999706,0
9.916254603973357,1
9.916688579978654,0
9.917446218983969,1
9.917905509995762,0
9.91867774099228,1
9.919113698997535,0
9.919883763999678,1
9.920332294976106,0
9.921114081982523,1
9.9215669289988,0
9.922326530999271,1
9.92278728398378,0
9.923546033998718,1
9.924003954976797,0
9.924765296978876,1
9.925230161985382,0
9.925968486000784,1
9.926392017980106,0
9.927114879974397,1
9.927566725993529,0
9.928342995001003,1
9.92879074899247,0
9.929528905980987,1
9.929968789976556,0
9.930743687989889,1
9.931172422977397,0
9.93192891398212,1
9.932340334984474,0
9.933044715988217,1
9.933472154982155,0
9.934237626992399,1
9.934671473980416,0
9.935425130999647,1
9.935859551973408,0
9.936599820997799,1
9.937045111990301,0
9.93779247297789,1
9.938232578977477,0
9.938984976994107,1
9.93941152698244,0
9.940165554988198,1
9.940593271981925,0
9.941338577977149,1
9.941784757975256,0
9.942510027001845,1
9.942941243993118,0
9.943691216001753,1
9.944115414982662,0
9.94480983199901,1
9.945228604978183,0
9.945918429992162,1
9.946344109979691,0
9.947074841998983,1
9.947516076994361,0
9.94827588298358,1
9.948740598978475,0
9.949492738000117,1
9.94994558498729,0
9.950697427993873,1
9.951133088994538,0
9.951897412975086,1
9.952358369977446,0
9.953122619976057,1
9.953571781981736,0
9.954341642995132,1
9.954796507983701,0
9.955535312998109,1
9.95599162299186,0
9.956733817001805,1
9.957205218990566,0
9.957947783987038,1
9.958405685989419,0
9.959140250983182,1
9.959595652995631,0
9.960358329000883,1
9.960812526987866,0
9.96158261099481,1
9.962026678986149,0
9.962801873974968,1
9.96323981299065,0
9.96401141397655,1
9.964451482985169,0
9.96521297399886,1
9.965653469000245,0
9.966390088986373,1
9.966829768993193,0
9.967571057000896,1
9.968027291994076,0
9.968794282001909,1
9.969165203976445,0
9.969936916982988,1
9.97039152198704,0
9.97112858798937,1
9.971581914986018,0
9.972349110001232,1
9.972799437993672,0
9.973558631987544,1
9.975088890991174,0
9.975839863996953,1
9.976266209996538,0
9.976989590999437,1
9.977421121991938,0
9.97818661297788,1
9.97861055197427,0
9.979349987988826,1
9.979773186991224,0
9.98053195499233,1
9.980991597985849,0
9.98171458899742,1
9.98215578700183,0
9.982907425990561,1
9.98330734699266,0
9.984087522985647,1
9.984484777989564,0
9.985238138993736,1
9.985679651988903,0
9.986430124001345,1
9.987051875999896,0
9.987806292978348,1
9.98825199098792,0
9.989016259991331,1
9.989414976997068,0
9.991103993990691,1
9.991550598992035,0
9.992299626988824,1
9.992757565982174,0
9.993527223996352,1
9.99398666198249,0
9.994757671986008,1
9.995193037000718,0
9.995926509000128,1
9.996373596979538,0
9.997101179993479,1
9.997530804976122,0
9.998259313986637,1
9.998682382982224,0
9.99949828098761,1
9.999926460994175,0
